2019.12.01,冬月初六,初六
2019.12.02,冬月初七,初七
2019.12.03,冬月初八,初八
2019.12.04,冬月初九,初九
2019.12.05,冬月初十,初十
2019.12.06,冬月十一,十一
2019.12.07,冬月十二,大雪
2019.12.08,冬月十三,十三
2019.12.09,冬月十四,十四
2019.12.10,冬月十五,世界人权日
2019.12.11,冬月十六,十六
2019.12.12,冬月十七,西安事变纪念日
2019.12.13,冬月十八,十八
2019.12.14,冬月十九,十九
2019.12.15,冬月二十,二十
2019.12.16,冬月廿一,廿一
2019.12.17,冬月廿二,廿二
2019.12.18,冬月廿三,廿三
2019.12.19,冬月廿四,廿四
2019.12.20,冬月廿五,廿五
2019.12.21,冬月廿六,廿六
2019.12.22,冬月廿七,冬至 [一九]
2019.12.23,冬月廿八,廿八
2019.12.24,冬月廿九,廿九
2019.12.25,冬月三十,圣诞节
2019.12.26,腊月初一,●腊月（大）
2019.12.27,腊月初二,初二
2019.12.28,腊月初三,初三
2019.12.29,腊月初四,初四
2019.12.30,腊月初五,初五
2019.12.31,腊月初六,[二九]
2020.01.01,腊月初七,元旦
2020.01.02,腊月初八,腊八节
2020.01.03,腊月初九,初九
2020.01.04,腊月初十,初十
2020.01.05,腊月十一,十一
2020.01.06,腊月十二,小寒
2020.01.07,腊月十三,十三
2020.01.08,腊月十四,十四
2020.01.09,腊月十五,[三九]
2020.01.10,腊月十六,尾牙节
2020.01.11,腊月十七,十七
2020.01.12,腊月十八,十八
2020.01.13,腊月十九,十九
2020.01.14,腊月二十,二十
2020.01.15,腊月廿一,廿一
2020.01.16,腊月廿二,廿二
2020.01.17,腊月廿三,廿三
2020.01.18,腊月廿四,小年 [四九]
2020.01.19,腊月廿五,廿五
2020.01.20,腊月廿六,大寒
2020.01.21,腊月廿七,廿七
2020.01.22,腊月廿八,廿八
2020.01.23,腊月廿九,廿九
2020.01.24,腊月三十,除夕
2020.01.25,正月初一,●正月（小） 春节
2020.01.26,正月初二,初二
2020.01.27,正月初三,[五九]
2020.01.28,正月初四,初四
2020.01.29,正月初五,初五
2020.01.30,正月初六,初六
2020.01.31,正月初七,人日
2020.02.01,正月初八,初八
2020.02.02,正月初九,初九
2020.02.03,正月初十,初十
2020.02.04,正月十一,立春
2020.02.05,正月十二,[六九]
2020.02.06,正月十三,十三
2020.02.07,正月十四,十四
2020.02.08,正月十五,元宵节
2020.02.09,正月十六,十六
2020.02.10,正月十七,十七
2020.02.11,正月十八,十八
2020.02.12,正月十九,十九
2020.02.13,正月二十,二十
2020.02.14,正月廿一,情人节 [七九]
2020.02.15,正月廿二,廿二
2020.02.16,正月廿三,廿三
2020.02.17,正月廿四,廿四
2020.02.18,正月廿五,填仓节
2020.02.19,正月廿六,雨水
2020.02.20,正月廿七,廿七
2020.02.21,正月廿八,廿八
2020.02.22,正月廿九,正月晦
2020.02.23,二月初一,●二月（大） [八九]
2020.02.24,二月初二,春龙节
2020.02.25,二月初三,初三
2020.02.26,二月初四,初四
2020.02.27,二月初五,初五
2020.02.28,二月初六,初六
2020.02.29,二月初七,初七
2020.03.01,二月初八,初八
2020.03.02,二月初九,初九
2020.03.03,二月初十,[九九]
2020.03.04,二月十一,十一
2020.03.05,二月十二,学雷锋纪念日 惊蛰
2020.03.06,二月十三,十三
2020.03.07,二月十四,十四
2020.03.08,二月十五,妇女节
2020.03.09,二月十六,十六
2020.03.10,二月十七,十七
2020.03.11,二月十八,十八
2020.03.12,二月十九,植树节
2020.03.13,二月二十,二十
2020.03.14,二月廿一,廿一
2020.03.15,二月廿二,消费者权益日
2020.03.16,二月廿三,春社日
2020.03.17,二月廿四,廿四
2020.03.18,二月廿五,廿五
2020.03.19,二月廿六,廿六
2020.03.20,二月廿七,春分
2020.03.21,二月廿八,廿八
2020.03.22,二月廿九,世界水日
2020.03.23,二月三十,世界气象日
2020.03.24,三月初一,●三月（大）
2020.03.25,三月初二,初二
2020.03.26,三月初三,上巳节
2020.03.27,三月初四,初四
2020.03.28,三月初五,初五
2020.03.29,三月初六,初六
2020.03.30,三月初七,初七
2020.03.31,三月初八,初八
2020.04.01,三月初九,愚人节
2020.04.02,三月初十,初十
2020.04.03,三月十一,十一
2020.04.04,三月十二,清明
2020.04.05,三月十三,十三
2020.04.06,三月十四,十四
2020.04.07,三月十五,世界卫生日
2020.04.08,三月十六,十六
2020.04.09,三月十七,十七
2020.04.10,三月十八,十八
2020.04.11,三月十九,十九
2020.04.12,三月二十,复活节
2020.04.13,三月廿一,廿一
2020.04.14,三月廿二,廿二
2020.04.15,三月廿三,廿三
2020.04.16,三月廿四,廿四
2020.04.17,三月廿五,廿五
2020.04.18,三月廿六,廿六
2020.04.19,三月廿七,谷雨
2020.04.20,三月廿八,廿八
2020.04.21,三月廿九,廿九
2020.04.22,三月三十,三十
2020.04.23,四月初一,●四月（大）
2020.04.24,四月初二,初二
2020.04.25,四月初三,初三
2020.04.26,四月初四,初四
2020.04.27,四月初五,初五
2020.04.28,四月初六,初六
2020.04.29,四月初七,初七
2020.04.30,四月初八,初八
2020.05.01,四月初九,国际劳动节
2020.05.02,四月初十,初十
2020.05.03,四月十一,十一
2020.05.04,四月十二,青年节
2020.05.05,四月十三,立夏
2020.05.06,四月十四,十四
2020.05.07,四月十五,十五
2020.05.08,四月十六,十六
2020.05.09,四月十七,十七
2020.05.10,四月十八,母亲节
2020.05.11,四月十九,十九
2020.05.12,四月二十,护士节
2020.05.13,四月廿一,廿一
2020.05.14,四月廿二,廿二
2020.05.15,四月廿三,廿三
2020.05.16,四月廿四,廿四
2020.05.17,四月廿五,廿五
2020.05.18,四月廿六,廿六
2020.05.19,四月廿七,廿七
2020.05.20,四月廿八,小满
2020.05.21,四月廿九,廿九
2020.05.22,四月三十,三十
2020.05.23,闰四月初一,●闰四月（小）
2020.05.24,闰四月初二,初二
2020.05.25,闰四月初三,初三
2020.05.26,闰四月初四,初四
2020.05.27,闰四月初五,初五
2020.05.28,闰四月初六,初六
2020.05.29,闰四月初七,初七
2020.05.30,闰四月初八,初八
2020.05.31,闰四月初九,世界无烟日
2020.06.01,闰四月初十,国际儿童节
2020.06.02,闰四月十一,十一
2020.06.03,闰四月十二,十二
2020.06.04,闰四月十三,十三
2020.06.05,闰四月十四,世界环境日 芒种
2020.06.06,闰四月十五,十五
2020.06.07,闰四月十六,十六
2020.06.08,闰四月十七,十七
2020.06.09,闰四月十八,十八
2020.06.10,闰四月十九,十九
2020.06.11,闰四月二十,二十
2020.06.12,闰四月廿一,入梅
2020.06.13,闰四月廿二,廿二
2020.06.14,闰四月廿三,廿三
2020.06.15,闰四月廿四,廿四
2020.06.16,闰四月廿五,廿五
2020.06.17,闰四月廿六,廿六
2020.06.18,闰四月廿七,廿七
2020.06.19,闰四月廿八,廿八
2020.06.20,闰四月廿九,廿九
2020.06.21,五月初一,●五月（大） 父亲节 夏至
2020.06.22,五月初二,初二
2020.06.23,五月初三,初三
2020.06.24,五月初四,初四
2020.06.25,五月初五,端午节
2020.06.26,五月初六,国际禁毒日
2020.06.27,五月初七,初七
2020.06.28,五月初八,初八
2020.06.29,五月初九,初九
2020.06.30,五月初十,初十
2020.07.01,五月十一,中共诞辰纪念日
2020.07.02,五月十二,十二
2020.07.03,五月十三,十三
2020.07.04,五月十四,十四
2020.07.05,五月十五,十五
2020.07.06,五月十六,小暑
2020.07.07,五月十七,抗日战争纪念日
2020.07.08,五月十八,十八
2020.07.09,五月十九,十九
2020.07.10,五月二十,二十
2020.07.11,五月廿一,廿一
2020.07.12,五月廿二,廿二
2020.07.13,五月廿三,廿三
2020.07.14,五月廿四,廿四
2020.07.15,五月廿五,出梅
2020.07.16,五月廿六,初伏
2020.07.17,五月廿七,廿七
2020.07.18,五月廿八,廿八
2020.07.19,五月廿九,廿九
2020.07.20,五月三十,三十
2020.07.21,六月初一,●六月（小）
2020.07.22,六月初二,大暑
2020.07.23,六月初三,初三
2020.07.24,六月初四,初四
2020.07.25,六月初五,初五
2020.07.26,六月初六,天贶节 中伏
2020.07.27,六月初七,初七
2020.07.28,六月初八,初八
2020.07.29,六月初九,初九
2020.07.30,六月初十,初十
2020.07.31,六月十一,十一
2020.08.01,六月十二,建军节
2020.08.02,六月十三,十三
2020.08.03,六月十四,十四
2020.08.04,六月十五,十五
2020.08.05,六月十六,十六
2020.08.06,六月十七,十七
2020.08.07,六月十八,立秋
2020.08.08,六月十九,十九
2020.08.09,六月二十,二十
2020.08.10,六月廿一,廿一
2020.08.11,六月廿二,廿二
2020.08.12,六月廿三,廿三
2020.08.13,六月廿四,观莲节
2020.08.14,六月廿五,廿五
2020.08.15,六月廿六,末伏
2020.08.16,六月廿七,廿七
2020.08.17,六月廿八,廿八
2020.08.18,六月廿九,廿九
2020.08.19,七月初一,●七月（小）
2020.08.20,七月初二,初二
2020.08.21,七月初三,初三
2020.08.22,七月初四,处暑
2020.08.23,七月初五,初五
2020.08.24,七月初六,初六
2020.08.25,七月初七,七夕
2020.08.26,七月初八,初八
2020.08.27,七月初九,初九
2020.08.28,七月初十,初十
2020.08.29,七月十一,十一
2020.08.30,七月十二,十二
2020.08.31,七月十三,十三
2020.09.01,七月十四,十四
2020.09.02,七月十五,中元节
2020.09.03,七月十六,抗战胜利纪念日
2020.09.04,七月十七,十七
2020.09.05,七月十八,十八
2020.09.06,七月十九,十九
2020.09.07,七月二十,白露
2020.09.08,七月廿一,廿一
2020.09.09,七月廿二,廿二
2020.09.10,七月廿三,教师节
2020.09.11,七月廿四,廿四
2020.09.12,七月廿五,廿五
2020.09.13,七月廿六,廿六
2020.09.14,七月廿七,廿七
2020.09.15,七月廿八,廿八
2020.09.16,七月廿九,地藏节
2020.09.17,八月初一,●八月（大） 天医节
2020.09.18,八月初二,初二
2020.09.19,八月初三,初三
2020.09.20,八月初四,初四
2020.09.21,八月初五,初五
2020.09.22,八月初六,秋分 秋社日
2020.09.23,八月初七,初七
2020.09.24,八月初八,初八
2020.09.25,八月初九,初九
2020.09.26,八月初十,初十
2020.09.27,八月十一,十一
2020.09.28,八月十二,十二
2020.09.29,八月十三,十三
2020.09.30,八月十四,十四
2020.10.01,八月十五,中秋节 国庆节
2020.10.02,八月十六,十六
2020.10.03,八月十七,十七
2020.10.04,八月十八,世界动物日
2020.10.05,八月十九,十九
2020.10.06,八月二十,二十
2020.10.07,八月廿一,廿一
2020.10.08,八月廿二,寒露
2020.10.09,八月廿三,廿三
2020.10.10,八月廿四,廿四
2020.10.11,八月廿五,廿五
2020.10.12,八月廿六,廿六
2020.10.13,八月廿七,廿七
2020.10.14,八月廿八,廿八
2020.10.15,八月廿九,廿九
2020.10.16,八月三十,三十
2020.10.17,九月初一,●九月（小）
2020.10.18,九月初二,初二
2020.10.19,九月初三,初三
2020.10.20,九月初四,初四
2020.10.21,九月初五,初五
2020.10.22,九月初六,初六
2020.10.23,九月初七,霜降
2020.10.24,九月初八,初八
2020.10.25,九月初九,重阳节
2020.10.26,九月初十,初十
2020.10.27,九月十一,十一
2020.10.28,九月十二,十二
2020.10.29,九月十三,十三
2020.10.30,九月十四,十四
2020.10.31,九月十五,十五
2020.11.01,九月十六,万圣节
2020.11.02,九月十七,十七
2020.11.03,九月十八,十八
2020.11.04,九月十九,十九
2020.11.05,九月二十,二十
2020.11.06,九月廿一,廿一
2020.11.07,九月廿二,立冬
2020.11.08,九月廿三,廿三
2020.11.09,九月廿四,廿四
2020.11.10,九月廿五,廿五
2020.11.11,九月廿六,廿六
2020.11.12,九月廿七,廿七
2020.11.13,九月廿八,廿八
2020.11.14,九月廿九,廿九
2020.11.15,十月初一,●十月（大） 祭祖节
2020.11.16,十月初二,初二
2020.11.17,十月初三,初三
2020.11.18,十月初四,初四
2020.11.19,十月初五,初五
2020.11.20,十月初六,初六
2020.11.21,十月初七,初七
2020.11.22,十月初八,小雪
2020.11.23,十月初九,初九
2020.11.24,十月初十,初十
2020.11.25,十月十一,十一
2020.11.26,十月十二,感恩节
2020.11.27,十月十三,十三
2020.11.28,十月十四,十四
2020.11.29,十月十五,下元节
2020.11.30,十月十六,十六
2020.12.01,十月十七,十七
2020.12.02,十月十八,十八
2020.12.03,十月十九,十九
2020.12.04,十月二十,二十
2020.12.05,十月廿一,廿一
2020.12.06,十月廿二,廿二
2020.12.07,十月廿三,大雪
2020.12.08,十月廿四,廿四
2020.12.09,十月廿五,廿五
2020.12.10,十月廿六,世界人权日
2020.12.11,十月廿七,廿七
2020.12.12,十月廿八,西安事变纪念日
2020.12.13,十月廿九,廿九
2020.12.14,十月三十,三十
2020.12.15,冬月初一,●冬月（小）
2020.12.16,冬月初二,初二
2020.12.17,冬月初三,初三
2020.12.18,冬月初四,初四
2020.12.19,冬月初五,初五
2020.12.20,冬月初六,初六
2020.12.21,冬月初七,冬至 [一九]
2020.12.22,冬月初八,初八
2020.12.23,冬月初九,初九
2020.12.24,冬月初十,初十
2020.12.25,冬月十一,圣诞节
2020.12.26,冬月十二,十二
2020.12.27,冬月十三,十三
2020.12.28,冬月十四,十四
2020.12.29,冬月十五,十五
2020.12.30,冬月十六,[二九]
2020.12.31,冬月十七,十七
2021.01.01,冬月十八,元旦
2021.01.02,冬月十九,十九
2021.01.03,冬月二十,二十
2021.01.04,冬月廿一,廿一
2021.01.05,冬月廿二,小寒
2021.01.06,冬月廿三,廿三
2021.01.07,冬月廿四,廿四
2021.01.08,冬月廿五,[三九]
2021.01.09,冬月廿六,廿六
2021.01.10,冬月廿七,廿七
2021.01.11,冬月廿八,廿八
2021.01.12,冬月廿九,廿九
2021.01.13,腊月初一,●腊月（大）
2021.01.14,腊月初二,初二
2021.01.15,腊月初三,初三
2021.01.16,腊月初四,初四
2021.01.17,腊月初五,[四九]
2021.01.18,腊月初六,初六
2021.01.19,腊月初七,初七
2021.01.20,腊月初八,腊八节 大寒
2021.01.21,腊月初九,初九
2021.01.22,腊月初十,初十
2021.01.23,腊月十一,十一
2021.01.24,腊月十二,十二
2021.01.25,腊月十三,十三
2021.01.26,腊月十四,[五九]
2021.01.27,腊月十五,十五
2021.01.28,腊月十六,尾牙节
2021.01.29,腊月十七,十七
2021.01.30,腊月十八,十八
2021.01.31,腊月十九,十九
2021.02.01,腊月二十,二十
2021.02.02,腊月廿一,廿一
2021.02.03,腊月廿二,立春
2021.02.04,腊月廿三,[六九]
2021.02.05,腊月廿四,小年
2021.02.06,腊月廿五,廿五
2021.02.07,腊月廿六,廿六
2021.02.08,腊月廿七,廿七
2021.02.09,腊月廿八,廿八
2021.02.10,腊月廿九,廿九
2021.02.11,腊月三十,除夕
2021.02.12,正月初一,●正月（小） 春节
2021.02.13,正月初二,[七九]
2021.02.14,正月初三,情人节
2021.02.15,正月初四,初四
2021.02.16,正月初五,初五
2021.02.17,正月初六,初六
2021.02.18,正月初七,人日 雨水
2021.02.19,正月初八,初八
2021.02.20,正月初九,初九
2021.02.21,正月初十,初十
2021.02.22,正月十一,[八九]
2021.02.23,正月十二,十二
2021.02.24,正月十三,十三
2021.02.25,正月十四,十四
2021.02.26,正月十五,元宵节
2021.02.27,正月十六,十六
2021.02.28,正月十七,十七
2021.03.01,正月十八,十八
2021.03.02,正月十九,十九
2021.03.03,正月二十,[九九]
2021.03.04,正月廿一,廿一
2021.03.05,正月廿二,学雷锋纪念日 惊蛰
2021.03.06,正月廿三,廿三
2021.03.07,正月廿四,廿四
2021.03.08,正月廿五,填仓节 妇女节
2021.03.09,正月廿六,廿六
2021.03.10,正月廿七,廿七
2021.03.11,正月廿八,廿八
2021.03.12,正月廿九,正月晦 植树节
2021.03.13,二月初一,●二月（大）
2021.03.14,二月初二,春龙节
2021.03.15,二月初三,消费者权益日
2021.03.16,二月初四,初四
2021.03.17,二月初五,初五
2021.03.18,二月初六,初六
2021.03.19,二月初七,初七
2021.03.20,二月初八,春分
2021.03.21,二月初九,春社日
2021.03.22,二月初十,世界水日
2021.03.23,二月十一,世界气象日
2021.03.24,二月十二,十二
2021.03.25,二月十三,十三
2021.03.26,二月十四,十四
2021.03.27,二月十五,十五
2021.03.28,二月十六,十六
2021.03.29,二月十七,十七
2021.03.30,二月十八,十八
2021.03.31,二月十九,十九
2021.04.01,二月二十,愚人节
2021.04.02,二月廿一,廿一
2021.04.03,二月廿二,廿二
2021.04.04,二月廿三,复活节 清明
2021.04.05,二月廿四,廿四
2021.04.06,二月廿五,廿五
2021.04.07,二月廿六,世界卫生日
2021.04.08,二月廿七,廿七
2021.04.09,二月廿八,廿八
2021.04.10,二月廿九,廿九
2021.04.11,二月三十,三十
2021.04.12,三月初一,●三月（大）
2021.04.13,三月初二,初二
2021.04.14,三月初三,上巳节
2021.04.15,三月初四,初四
2021.04.16,三月初五,初五
2021.04.17,三月初六,初六
2021.04.18,三月初七,初七
2021.04.19,三月初八,初八
2021.04.20,三月初九,谷雨
2021.04.21,三月初十,初十
2021.04.22,三月十一,十一
2021.04.23,三月十二,十二
2021.04.24,三月十三,十三
2021.04.25,三月十四,十四
2021.04.26,三月十五,十五
2021.04.27,三月十六,十六
2021.04.28,三月十七,十七
2021.04.29,三月十八,十八
2021.04.30,三月十九,十九
2021.05.01,三月二十,国际劳动节
2021.05.02,三月廿一,廿一
2021.05.03,三月廿二,廿二
2021.05.04,三月廿三,青年节
2021.05.05,三月廿四,立夏
2021.05.06,三月廿五,廿五
2021.05.07,三月廿六,廿六
2021.05.08,三月廿七,廿七
2021.05.09,三月廿八,母亲节
2021.05.10,三月廿九,廿九
2021.05.11,三月三十,三十
2021.05.12,四月初一,●四月（小） 护士节
2021.05.13,四月初二,初二
2021.05.14,四月初三,初三
2021.05.15,四月初四,初四
2021.05.16,四月初五,初五
2021.05.17,四月初六,初六
2021.05.18,四月初七,初七
2021.05.19,四月初八,初八
2021.05.20,四月初九,初九
2021.05.21,四月初十,小满
2021.05.22,四月十一,十一
2021.05.23,四月十二,十二
2021.05.24,四月十三,十三
2021.05.25,四月十四,十四
2021.05.26,四月十五,十五
2021.05.27,四月十六,十六
2021.05.28,四月十七,十七
2021.05.29,四月十八,十八
2021.05.30,四月十九,十九
2021.05.31,四月二十,世界无烟日
2021.06.01,四月廿一,国际儿童节
2021.06.02,四月廿二,廿二
2021.06.03,四月廿三,廿三
2021.06.04,四月廿四,廿四
2021.06.05,四月廿五,世界环境日 芒种
2021.06.06,四月廿六,廿六
2021.06.07,四月廿七,入梅
2021.06.08,四月廿八,廿八
2021.06.09,四月廿九,廿九
2021.06.10,五月初一,●五月（大）
2021.06.11,五月初二,初二
2021.06.12,五月初三,初三
2021.06.13,五月初四,初四
2021.06.14,五月初五,端午节
2021.06.15,五月初六,初六
2021.06.16,五月初七,初七
2021.06.17,五月初八,初八
2021.06.18,五月初九,初九
2021.06.19,五月初十,初十
2021.06.20,五月十一,父亲节
2021.06.21,五月十二,夏至
2021.06.22,五月十三,十三
2021.06.23,五月十四,十四
2021.06.24,五月十五,十五
2021.06.25,五月十六,十六
2021.06.26,五月十七,国际禁毒日
2021.06.27,五月十八,十八
2021.06.28,五月十九,十九
2021.06.29,五月二十,二十
2021.06.30,五月廿一,廿一
2021.07.01,五月廿二,中共诞辰纪念日
2021.07.02,五月廿三,廿三
2021.07.03,五月廿四,廿四
2021.07.04,五月廿五,廿五
2021.07.05,五月廿六,廿六
2021.07.06,五月廿七,廿七
2021.07.07,五月廿八,抗日战争纪念日 小暑
2021.07.08,五月廿九,廿九
2021.07.09,五月三十,三十
2021.07.10,六月初一,●六月（小） 出梅
2021.07.11,六月初二,初伏
2021.07.12,六月初三,初三
2021.07.13,六月初四,初四
2021.07.14,六月初五,初五
2021.07.15,六月初六,天贶节
2021.07.16,六月初七,初七
2021.07.17,六月初八,初八
2021.07.18,六月初九,初九
2021.07.19,六月初十,初十
2021.07.20,六月十一,十一
2021.07.21,六月十二,中伏
2021.07.22,六月十三,大暑
2021.07.23,六月十四,十四
2021.07.24,六月十五,十五
2021.07.25,六月十六,十六
2021.07.26,六月十七,十七
2021.07.27,六月十八,十八
2021.07.28,六月十九,十九
2021.07.29,六月二十,二十
2021.07.30,六月廿一,廿一
2021.07.31,六月廿二,廿二
2021.08.01,六月廿三,建军节
2021.08.02,六月廿四,观莲节
2021.08.03,六月廿五,廿五
2021.08.04,六月廿六,廿六
2021.08.05,六月廿七,廿七
2021.08.06,六月廿八,廿八
2021.08.07,六月廿九,立秋
2021.08.08,七月初一,●七月（大）
2021.08.09,七月初二,初二
2021.08.10,七月初三,末伏
2021.08.11,七月初四,初四
2021.08.12,七月初五,初五
2021.08.13,七月初六,初六
2021.08.14,七月初七,七夕
2021.08.15,七月初八,初八
2021.08.16,七月初九,初九
2021.08.17,七月初十,初十
2021.08.18,七月十一,十一
2021.08.19,七月十二,十二
2021.08.20,七月十三,十三
2021.08.21,七月十四,十四
2021.08.22,七月十五,中元节
2021.08.23,七月十六,处暑
2021.08.24,七月十七,十七
2021.08.25,七月十八,十八
2021.08.26,七月十九,十九
2021.08.27,七月二十,二十
2021.08.28,七月廿一,廿一
2021.08.29,七月廿二,廿二
2021.08.30,七月廿三,廿三
2021.08.31,七月廿四,廿四
2021.09.01,七月廿五,廿五
2021.09.02,七月廿六,廿六
2021.09.03,七月廿七,抗战胜利纪念日
2021.09.04,七月廿八,廿八
2021.09.05,七月廿九,廿九
2021.09.06,七月三十,地藏节
2021.09.07,八月初一,●八月（小） 天医节 白露
2021.09.08,八月初二,初二
2021.09.09,八月初三,初三
2021.09.10,八月初四,教师节
2021.09.11,八月初五,初五
2021.09.12,八月初六,初六
2021.09.13,八月初七,初七
2021.09.14,八月初八,初八
2021.09.15,八月初九,初九
2021.09.16,八月初十,初十
2021.09.17,八月十一,秋社日
2021.09.18,八月十二,十二
2021.09.19,八月十三,十三
2021.09.20,八月十四,十四
2021.09.21,八月十五,中秋节
2021.09.22,八月十六,十六
2021.09.23,八月十七,秋分
2021.09.24,八月十八,十八
2021.09.25,八月十九,十九
2021.09.26,八月二十,二十
2021.09.27,八月廿一,廿一
2021.09.28,八月廿二,廿二
2021.09.29,八月廿三,廿三
2021.09.30,八月廿四,廿四
2021.10.01,八月廿五,国庆节
2021.10.02,八月廿六,廿六
2021.10.03,八月廿七,廿七
2021.10.04,八月廿八,世界动物日
2021.10.05,八月廿九,廿九
2021.10.06,九月初一,●九月（大）
2021.10.07,九月初二,初二
2021.10.08,九月初三,寒露
2021.10.09,九月初四,初四
2021.10.10,九月初五,初五
2021.10.11,九月初六,初六
2021.10.12,九月初七,初七
2021.10.13,九月初八,初八
2021.10.14,九月初九,重阳节
2021.10.15,九月初十,初十
2021.10.16,九月十一,十一
2021.10.17,九月十二,十二
2021.10.18,九月十三,十三
2021.10.19,九月十四,十四
2021.10.20,九月十五,十五
2021.10.21,九月十六,十六
2021.10.22,九月十七,十七
2021.10.23,九月十八,霜降
2021.10.24,九月十九,十九
2021.10.25,九月二十,二十
2021.10.26,九月廿一,廿一
2021.10.27,九月廿二,廿二
2021.10.28,九月廿三,廿三
2021.10.29,九月廿四,廿四
2021.10.30,九月廿五,廿五
2021.10.31,九月廿六,廿六
2021.11.01,九月廿七,万圣节
2021.11.02,九月廿八,廿八
2021.11.03,九月廿九,廿九
2021.11.04,九月三十,三十
2021.11.05,十月初一,●十月（小） 祭祖节
2021.11.06,十月初二,初二
2021.11.07,十月初三,立冬
2021.11.08,十月初四,初四
2021.11.09,十月初五,初五
2021.11.10,十月初六,初六
2021.11.11,十月初七,初七
2021.11.12,十月初八,初八
2021.11.13,十月初九,初九
2021.11.14,十月初十,初十
2021.11.15,十月十一,十一
2021.11.16,十月十二,十二
2021.11.17,十月十三,十三
2021.11.18,十月十四,十四
2021.11.19,十月十五,下元节
2021.11.20,十月十六,十六
2021.11.21,十月十七,十七
2021.11.22,十月十八,小雪
2021.11.23,十月十九,十九
2021.11.24,十月二十,二十
2021.11.25,十月廿一,感恩节
2021.11.26,十月廿二,廿二
2021.11.27,十月廿三,廿三
2021.11.28,十月廿四,廿四
2021.11.29,十月廿五,廿五
2021.11.30,十月廿六,廿六
2021.12.01,十月廿七,廿七
2021.12.02,十月廿八,廿八
2021.12.03,十月廿九,廿九
2021.12.04,冬月初一,●冬月（大）
2021.12.05,冬月初二,初二
2021.12.06,冬月初三,初三
2021.12.07,冬月初四,大雪
2021.12.08,冬月初五,初五
2021.12.09,冬月初六,初六
2021.12.10,冬月初七,世界人权日
2021.12.11,冬月初八,初八
2021.12.12,冬月初九,西安事变纪念日
2021.12.13,冬月初十,初十
2021.12.14,冬月十一,十一
2021.12.15,冬月十二,十二
2021.12.16,冬月十三,十三
2021.12.17,冬月十四,十四
2021.12.18,冬月十五,十五
2021.12.19,冬月十六,十六
2021.12.20,冬月十七,十七
2021.12.21,冬月十八,冬至 [一九]
2021.12.22,冬月十九,十九
2021.12.23,冬月二十,二十
2021.12.24,冬月廿一,廿一
2021.12.25,冬月廿二,圣诞节
2021.12.26,冬月廿三,廿三
2021.12.27,冬月廿四,廿四
2021.12.28,冬月廿五,廿五
2021.12.29,冬月廿六,廿六
2021.12.30,冬月廿七,[二九]
2021.12.31,冬月廿八,廿八
2022.01.01,冬月廿九,元旦
2022.01.02,冬月三十,三十
2022.01.03,腊月初一,●腊月（小）
2022.01.04,腊月初二,初二
2022.01.05,腊月初三,小寒
2022.01.06,腊月初四,初四
2022.01.07,腊月初五,初五
2022.01.08,腊月初六,[三九]
2022.01.09,腊月初七,初七
2022.01.10,腊月初八,腊八节
2022.01.11,腊月初九,初九
2022.01.12,腊月初十,初十
2022.01.13,腊月十一,十一
2022.01.14,腊月十二,十二
2022.01.15,腊月十三,十三
2022.01.16,腊月十四,十四
2022.01.17,腊月十五,[四九]
2022.01.18,腊月十六,尾牙节
2022.01.19,腊月十七,十七
2022.01.20,腊月十八,大寒
2022.01.21,腊月十九,十九
2022.01.22,腊月二十,二十
2022.01.23,腊月廿一,廿一
2022.01.24,腊月廿二,廿二
2022.01.25,腊月廿三,廿三
2022.01.26,腊月廿四,小年 [五九]
2022.01.27,腊月廿五,廿五
2022.01.28,腊月廿六,廿六
2022.01.29,腊月廿七,廿七
2022.01.30,腊月廿八,廿八
2022.01.31,腊月廿九,除夕
2022.02.01,正月初一,●正月（大） 春节
2022.02.02,正月初二,初二
2022.02.03,正月初三,初三
2022.02.04,正月初四,立春 [六九]
2022.02.05,正月初五,初五
2022.02.06,正月初六,初六
2022.02.07,正月初七,人日
2022.02.08,正月初八,初八
2022.02.09,正月初九,初九
2022.02.10,正月初十,初十
2022.02.11,正月十一,十一
2022.02.12,正月十二,十二
2022.02.13,正月十三,[七九]
2022.02.14,正月十四,情人节
2022.02.15,正月十五,元宵节
2022.02.16,正月十六,十六
2022.02.17,正月十七,十七
2022.02.18,正月十八,十八
2022.02.19,正月十九,雨水
2022.02.20,正月二十,二十
2022.02.21,正月廿一,廿一
2022.02.22,正月廿二,[八九]
2022.02.23,正月廿三,廿三
2022.02.24,正月廿四,廿四
2022.02.25,正月廿五,填仓节
2022.02.26,正月廿六,廿六
2022.02.27,正月廿七,廿七
2022.02.28,正月廿八,廿八
2022.03.01,正月廿九,廿九
2022.03.02,正月三十,正月晦
2022.03.03,二月初一,●二月（小） [九九]
2022.03.04,二月初二,春龙节
2022.03.05,二月初三,学雷锋纪念日 惊蛰
2022.03.06,二月初四,初四
2022.03.07,二月初五,初五
2022.03.08,二月初六,妇女节
2022.03.09,二月初七,初七
2022.03.10,二月初八,初八
2022.03.11,二月初九,初九
2022.03.12,二月初十,植树节
2022.03.13,二月十一,十一
2022.03.14,二月十二,十二
2022.03.15,二月十三,消费者权益日
2022.03.16,二月十四,春社日
2022.03.17,二月十五,十五
2022.03.18,二月十六,十六
2022.03.19,二月十七,十七
2022.03.20,二月十八,春分
2022.03.21,二月十九,十九
2022.03.22,二月二十,世界水日
2022.03.23,二月廿一,世界气象日
2022.03.24,二月廿二,廿二
2022.03.25,二月廿三,廿三
2022.03.26,二月廿四,廿四
2022.03.27,二月廿五,廿五
2022.03.28,二月廿六,廿六
2022.03.29,二月廿七,廿七
2022.03.30,二月廿八,廿八
2022.03.31,二月廿九,廿九
2022.04.01,三月初一,●三月（大） 愚人节
2022.04.02,三月初二,初二
2022.04.03,三月初三,上巳节
2022.04.04,三月初四,初四
2022.04.05,三月初五,清明
2022.04.06,三月初六,初六
2022.04.07,三月初七,世界卫生日
2022.04.08,三月初八,初八
2022.04.09,三月初九,初九
2022.04.10,三月初十,初十
2022.04.11,三月十一,十一
2022.04.12,三月十二,十二
2022.04.13,三月十三,十三
2022.04.14,三月十四,十四
2022.04.15,三月十五,十五
2022.04.16,三月十六,十六
2022.04.17,三月十七,复活节
2022.04.18,三月十八,十八
2022.04.19,三月十九,十九
2022.04.20,三月二十,谷雨
2022.04.21,三月廿一,廿一
2022.04.22,三月廿二,廿二
2022.04.23,三月廿三,廿三
2022.04.24,三月廿四,廿四
2022.04.25,三月廿五,廿五
2022.04.26,三月廿六,廿六
2022.04.27,三月廿七,廿七
2022.04.28,三月廿八,廿八
2022.04.29,三月廿九,廿九
2022.04.30,三月三十,三十
2022.05.01,四月初一,●四月（小） 国际劳动节
2022.05.02,四月初二,初二
2022.05.03,四月初三,初三
2022.05.04,四月初四,青年节
2022.05.05,四月初五,立夏
2022.05.06,四月初六,初六
2022.05.07,四月初七,初七
2022.05.08,四月初八,母亲节
2022.05.09,四月初九,初九
2022.05.10,四月初十,初十
2022.05.11,四月十一,十一
2022.05.12,四月十二,护士节
2022.05.13,四月十三,十三
2022.05.14,四月十四,十四
2022.05.15,四月十五,十五
2022.05.16,四月十六,十六
2022.05.17,四月十七,十七
2022.05.18,四月十八,十八
2022.05.19,四月十九,十九
2022.05.20,四月二十,二十
2022.05.21,四月廿一,小满
2022.05.22,四月廿二,廿二
2022.05.23,四月廿三,廿三
2022.05.24,四月廿四,廿四
2022.05.25,四月廿五,廿五
2022.05.26,四月廿六,廿六
2022.05.27,四月廿七,廿七
2022.05.28,四月廿八,廿八
2022.05.29,四月廿九,廿九
2022.05.30,五月初一,●五月（大）
2022.05.31,五月初二,世界无烟日
2022.06.01,五月初三,国际儿童节
2022.06.02,五月初四,初四
2022.06.03,五月初五,端午节
2022.06.04,五月初六,初六
2022.06.05,五月初七,世界环境日
2022.06.06,五月初八,芒种
2022.06.07,五月初九,初九
2022.06.08,五月初十,初十
2022.06.09,五月十一,十一
2022.06.10,五月十二,十二
2022.06.11,五月十三,十三
2022.06.12,五月十四,入梅
2022.06.13,五月十五,十五
2022.06.14,五月十六,十六
2022.06.15,五月十七,十七
2022.06.16,五月十八,十八
2022.06.17,五月十九,十九
2022.06.18,五月二十,二十
2022.06.19,五月廿一,父亲节
2022.06.20,五月廿二,廿二
2022.06.21,五月廿三,夏至
2022.06.22,五月廿四,廿四
2022.06.23,五月廿五,廿五
2022.06.24,五月廿六,廿六
2022.06.25,五月廿七,廿七
2022.06.26,五月廿八,国际禁毒日
2022.06.27,五月廿九,廿九
2022.06.28,五月三十,三十
2022.06.29,六月初一,●六月（大）
2022.06.30,六月初二,初二
2022.07.01,六月初三,中共诞辰纪念日
2022.07.02,六月初四,初四
2022.07.03,六月初五,初五
2022.07.04,六月初六,天贶节
2022.07.05,六月初七,初七
2022.07.06,六月初八,初八
2022.07.07,六月初九,抗日战争纪念日 小暑
2022.07.08,六月初十,初十
2022.07.09,六月十一,十一
2022.07.10,六月十二,十二
2022.07.11,六月十三,十三
2022.07.12,六月十四,十四
2022.07.13,六月十五,十五
2022.07.14,六月十六,十六
2022.07.15,六月十七,十七
2022.07.16,六月十八,初伏
2022.07.17,六月十九,出梅
2022.07.18,六月二十,二十
2022.07.19,六月廿一,廿一
2022.07.20,六月廿二,廿二
2022.07.21,六月廿三,廿三
2022.07.22,六月廿四,观莲节
2022.07.23,六月廿五,大暑
2022.07.24,六月廿六,廿六
2022.07.25,六月廿七,廿七
2022.07.26,六月廿八,中伏
2022.07.27,六月廿九,廿九
2022.07.28,六月三十,三十
2022.07.29,七月初一,●七月（小）
2022.07.30,七月初二,初二
2022.07.31,七月初三,初三
2022.08.01,七月初四,建军节
2022.08.02,七月初五,初五
2022.08.03,七月初六,初六
2022.08.04,七月初七,七夕
2022.08.05,七月初八,初八
2022.08.06,七月初九,初九
2022.08.07,七月初十,立秋
2022.08.08,七月十一,十一
2022.08.09,七月十二,十二
2022.08.10,七月十三,十三
2022.08.11,七月十四,十四
2022.08.12,七月十五,中元节
2022.08.13,七月十六,十六
2022.08.14,七月十七,十七
2022.08.15,七月十八,末伏
2022.08.16,七月十九,十九
2022.08.17,七月二十,二十
2022.08.18,七月廿一,廿一
2022.08.19,七月廿二,廿二
2022.08.20,七月廿三,廿三
2022.08.21,七月廿四,廿四
2022.08.22,七月廿五,廿五
2022.08.23,七月廿六,处暑
2022.08.24,七月廿七,廿七
2022.08.25,七月廿八,廿八
2022.08.26,七月廿九,地藏节
2022.08.27,八月初一,●八月（大） 天医节
2022.08.28,八月初二,初二
2022.08.29,八月初三,初三
2022.08.30,八月初四,初四
2022.08.31,八月初五,初五
2022.09.01,八月初六,初六
2022.09.02,八月初七,初七
2022.09.03,八月初八,抗战胜利纪念日
2022.09.04,八月初九,初九
2022.09.05,八月初十,初十
2022.09.06,八月十一,十一
2022.09.07,八月十二,白露
2022.09.08,八月十三,十三
2022.09.09,八月十四,十四
2022.09.10,八月十五,中秋节 教师节
2022.09.11,八月十六,十六
2022.09.12,八月十七,十七
2022.09.13,八月十八,十八
2022.09.14,八月十九,十九
2022.09.15,八月二十,二十
2022.09.16,八月廿一,廿一
2022.09.17,八月廿二,廿二
2022.09.18,八月廿三,廿三
2022.09.19,八月廿四,廿四
2022.09.20,八月廿五,廿五
2022.09.21,八月廿六,廿六
2022.09.22,八月廿七,秋社日
2022.09.23,八月廿八,秋分
2022.09.24,八月廿九,廿九
2022.09.25,八月三十,三十
2022.09.26,九月初一,●九月（小）
2022.09.27,九月初二,初二
2022.09.28,九月初三,初三
2022.09.29,九月初四,初四
2022.09.30,九月初五,初五
2022.10.01,九月初六,国庆节
2022.10.02,九月初七,初七
2022.10.03,九月初八,初八
2022.10.04,九月初九,重阳节 世界动物日
2022.10.05,九月初十,初十
2022.10.06,九月十一,十一
2022.10.07,九月十二,十二
2022.10.08,九月十三,寒露
2022.10.09,九月十四,十四
2022.10.10,九月十五,十五
2022.10.11,九月十六,十六
2022.10.12,九月十七,十七
2022.10.13,九月十八,十八
2022.10.14,九月十九,十九
2022.10.15,九月二十,二十
2022.10.16,九月廿一,廿一
2022.10.17,九月廿二,廿二
2022.10.18,九月廿三,廿三
2022.10.19,九月廿四,廿四
2022.10.20,九月廿五,廿五
2022.10.21,九月廿六,廿六
2022.10.22,九月廿七,廿七
2022.10.23,九月廿八,霜降
2022.10.24,九月廿九,廿九
2022.10.25,十月初一,●十月（大） 祭祖节
2022.10.26,十月初二,初二
2022.10.27,十月初三,初三
2022.10.28,十月初四,初四
2022.10.29,十月初五,初五
2022.10.30,十月初六,初六
2022.10.31,十月初七,初七
2022.11.01,十月初八,万圣节
2022.11.02,十月初九,初九
2022.11.03,十月初十,初十
2022.11.04,十月十一,十一
2022.11.05,十月十二,十二
2022.11.06,十月十三,十三
2022.11.07,十月十四,立冬
2022.11.08,十月十五,下元节
2022.11.09,十月十六,十六
2022.11.10,十月十七,十七
2022.11.11,十月十八,十八
2022.11.12,十月十九,十九
2022.11.13,十月二十,二十
2022.11.14,十月廿一,廿一
2022.11.15,十月廿二,廿二
2022.11.16,十月廿三,廿三
2022.11.17,十月廿四,廿四
2022.11.18,十月廿五,廿五
2022.11.19,十月廿六,廿六
2022.11.20,十月廿七,廿七
2022.11.21,十月廿八,廿八
2022.11.22,十月廿九,小雪
2022.11.23,十月三十,三十
2022.11.24,冬月初一,●冬月（小） 感恩节
2022.11.25,冬月初二,初二
2022.11.26,冬月初三,初三
2022.11.27,冬月初四,初四
2022.11.28,冬月初五,初五
2022.11.29,冬月初六,初六
2022.11.30,冬月初七,初七
2022.12.01,冬月初八,初八
2022.12.02,冬月初九,初九
2022.12.03,冬月初十,初十
2022.12.04,冬月十一,十一
2022.12.05,冬月十二,十二
2022.12.06,冬月十三,十三
2022.12.07,冬月十四,大雪
2022.12.08,冬月十五,十五
2022.12.09,冬月十六,十六
2022.12.10,冬月十七,世界人权日
2022.12.11,冬月十八,十八
2022.12.12,冬月十九,西安事变纪念日
2022.12.13,冬月二十,二十
2022.12.14,冬月廿一,廿一
2022.12.15,冬月廿二,廿二
2022.12.16,冬月廿三,廿三
2022.12.17,冬月廿四,廿四
2022.12.18,冬月廿五,廿五
2022.12.19,冬月廿六,廿六
2022.12.20,冬月廿七,廿七
2022.12.21,冬月廿八,廿八
2022.12.22,冬月廿九,冬至 [一九]
2022.12.23,腊月初一,●腊月（大）
2022.12.24,腊月初二,初二
2022.12.25,腊月初三,圣诞节
2022.12.26,腊月初四,初四
2022.12.27,腊月初五,初五
2022.12.28,腊月初六,初六
2022.12.29,腊月初七,初七
2022.12.30,腊月初八,腊八节
2022.12.31,腊月初九,[二九]
2023.01.01,腊月初十,元旦
2023.01.02,腊月十一,十一
2023.01.03,腊月十二,十二
2023.01.04,腊月十三,十三
2023.01.05,腊月十四,小寒
2023.01.06,腊月十五,十五
2023.01.07,腊月十六,尾牙节
2023.01.08,腊月十七,十七
2023.01.09,腊月十八,[三九]
2023.01.10,腊月十九,十九
2023.01.11,腊月二十,二十
2023.01.12,腊月廿一,廿一
2023.01.13,腊月廿二,廿二
2023.01.14,腊月廿三,廿三
2023.01.15,腊月廿四,小年
2023.01.16,腊月廿五,廿五
2023.01.17,腊月廿六,廿六
2023.01.18,腊月廿七,[四九]
2023.01.19,腊月廿八,廿八
2023.01.20,腊月廿九,大寒
2023.01.21,腊月三十,除夕
2023.01.22,正月初一,●正月（小） 春节
2023.01.23,正月初二,初二
2023.01.24,正月初三,初三
2023.01.25,正月初四,初四
2023.01.26,正月初五,初五
2023.01.27,正月初六,[五九]
2023.01.28,正月初七,人日
2023.01.29,正月初八,初八
2023.01.30,正月初九,初九
2023.01.31,正月初十,初十
2023.02.01,正月十一,十一
2023.02.02,正月十二,十二
2023.02.03,正月十三,十三
2023.02.04,正月十四,立春
2023.02.05,正月十五,元宵节 [六九]
2023.02.06,正月十六,十六
2023.02.07,正月十七,十七
2023.02.08,正月十八,十八
2023.02.09,正月十九,十九
2023.02.10,正月二十,二十
2023.02.11,正月廿一,廿一
2023.02.12,正月廿二,廿二
2023.02.13,正月廿三,廿三
2023.02.14,正月廿四,情人节 [七九]
2023.02.15,正月廿五,填仓节
2023.02.16,正月廿六,廿六
2023.02.17,正月廿七,廿七
2023.02.18,正月廿八,廿八
2023.02.19,正月廿九,正月晦 雨水
2023.02.20,二月初一,●二月（大）
2023.02.21,二月初二,春龙节
2023.02.22,二月初三,初三
2023.02.23,二月初四,[八九]
2023.02.24,二月初五,初五
2023.02.25,二月初六,初六
2023.02.26,二月初七,初七
2023.02.27,二月初八,初八
2023.02.28,二月初九,初九
2023.03.01,二月初十,初十
2023.03.02,二月十一,十一
2023.03.03,二月十二,十二
2023.03.04,二月十三,[九九]
2023.03.05,二月十四,学雷锋纪念日
2023.03.06,二月十五,惊蛰
2023.03.07,二月十六,十六
2023.03.08,二月十七,妇女节
2023.03.09,二月十八,十八
2023.03.10,二月十九,十九
2023.03.11,二月二十,二十
2023.03.12,二月廿一,植树节
2023.03.13,二月廿二,廿二
2023.03.14,二月廿三,廿三
2023.03.15,二月廿四,消费者权益日
2023.03.16,二月廿五,廿五
2023.03.17,二月廿六,廿六
2023.03.18,二月廿七,廿七
2023.03.19,二月廿八,廿八
2023.03.20,二月廿九,廿九
2023.03.21,二月三十,春分 春社日
2023.03.22,闰二月初一,●闰二月（小） 世界水日
2023.03.23,闰二月初二,世界气象日
2023.03.24,闰二月初三,初三
2023.03.25,闰二月初四,初四
2023.03.26,闰二月初五,初五
2023.03.27,闰二月初六,初六
2023.03.28,闰二月初七,初七
2023.03.29,闰二月初八,初八
2023.03.30,闰二月初九,初九
2023.03.31,闰二月初十,初十
2023.04.01,闰二月十一,愚人节
2023.04.02,闰二月十二,十二
2023.04.03,闰二月十三,十三
2023.04.04,闰二月十四,十四
2023.04.05,闰二月十五,清明
2023.04.06,闰二月十六,十六
2023.04.07,闰二月十七,世界卫生日
2023.04.08,闰二月十八,十八
2023.04.09,闰二月十九,复活节
2023.04.10,闰二月二十,二十
2023.04.11,闰二月廿一,廿一
2023.04.12,闰二月廿二,廿二
2023.04.13,闰二月廿三,廿三
2023.04.14,闰二月廿四,廿四
2023.04.15,闰二月廿五,廿五
2023.04.16,闰二月廿六,廿六
2023.04.17,闰二月廿七,廿七
2023.04.18,闰二月廿八,廿八
2023.04.19,闰二月廿九,廿九
2023.04.20,三月初一,●三月（小） 谷雨
2023.04.21,三月初二,初二
2023.04.22,三月初三,上巳节
2023.04.23,三月初四,初四
2023.04.24,三月初五,初五
2023.04.25,三月初六,初六
2023.04.26,三月初七,初七
2023.04.27,三月初八,初八
2023.04.28,三月初九,初九
2023.04.29,三月初十,初十
2023.04.30,三月十一,十一
2023.05.01,三月十二,国际劳动节
2023.05.02,三月十三,十三
2023.05.03,三月十四,十四
2023.05.04,三月十五,青年节
2023.05.05,三月十六,十六
2023.05.06,三月十七,立夏
2023.05.07,三月十八,十八
2023.05.08,三月十九,十九
2023.05.09,三月二十,二十
2023.05.10,三月廿一,廿一
2023.05.11,三月廿二,廿二
2023.05.12,三月廿三,护士节
2023.05.13,三月廿四,廿四
2023.05.14,三月廿五,母亲节
2023.05.15,三月廿六,廿六
2023.05.16,三月廿七,廿七
2023.05.17,三月廿八,廿八
2023.05.18,三月廿九,廿九
2023.05.19,四月初一,●四月（大）
2023.05.20,四月初二,初二
2023.05.21,四月初三,小满
2023.05.22,四月初四,初四
2023.05.23,四月初五,初五
2023.05.24,四月初六,初六
2023.05.25,四月初七,初七
2023.05.26,四月初八,初八
2023.05.27,四月初九,初九
2023.05.28,四月初十,初十
2023.05.29,四月十一,十一
2023.05.30,四月十二,十二
2023.05.31,四月十三,世界无烟日
2023.06.01,四月十四,国际儿童节
2023.06.02,四月十五,十五
2023.06.03,四月十六,十六
2023.06.04,四月十七,十七
2023.06.05,四月十八,世界环境日
2023.06.06,四月十九,芒种
2023.06.07,四月二十,入梅
2023.06.08,四月廿一,廿一
2023.06.09,四月廿二,廿二
2023.06.10,四月廿三,廿三
2023.06.11,四月廿四,廿四
2023.06.12,四月廿五,廿五
2023.06.13,四月廿六,廿六
2023.06.14,四月廿七,廿七
2023.06.15,四月廿八,廿八
2023.06.16,四月廿九,廿九
2023.06.17,四月三十,三十
2023.06.18,五月初一,●五月（大） 父亲节
2023.06.19,五月初二,初二
2023.06.20,五月初三,初三
2023.06.21,五月初四,夏至
2023.06.22,五月初五,端午节
2023.06.23,五月初六,初六
2023.06.24,五月初七,初七
2023.06.25,五月初八,初八
2023.06.26,五月初九,国际禁毒日
2023.06.27,五月初十,初十
2023.06.28,五月十一,十一
2023.06.29,五月十二,十二
2023.06.30,五月十三,十三
2023.07.01,五月十四,中共诞辰纪念日
2023.07.02,五月十五,十五
2023.07.03,五月十六,十六
2023.07.04,五月十七,十七
2023.07.05,五月十八,十八
2023.07.06,五月十九,十九
2023.07.07,五月二十,抗日战争纪念日 小暑
2023.07.08,五月廿一,廿一
2023.07.09,五月廿二,廿二
2023.07.10,五月廿三,廿三
2023.07.11,五月廿四,初伏
2023.07.12,五月廿五,出梅
2023.07.13,五月廿六,廿六
2023.07.14,五月廿七,廿七
2023.07.15,五月廿八,廿八
2023.07.16,五月廿九,廿九
2023.07.17,五月三十,三十
2023.07.18,六月初一,●六月（小）
2023.07.19,六月初二,初二
2023.07.20,六月初三,初三
2023.07.21,六月初四,中伏
2023.07.22,六月初五,初五
2023.07.23,六月初六,天贶节 大暑
2023.07.24,六月初七,初七
2023.07.25,六月初八,初八
2023.07.26,六月初九,初九
2023.07.27,六月初十,初十
2023.07.28,六月十一,十一
2023.07.29,六月十二,十二
2023.07.30,六月十三,十三
2023.07.31,六月十四,十四
2023.08.01,六月十五,建军节
2023.08.02,六月十六,十六
2023.08.03,六月十七,十七
2023.08.04,六月十八,十八
2023.08.05,六月十九,十九
2023.08.06,六月二十,二十
2023.08.07,六月廿一,廿一
2023.08.08,六月廿二,立秋
2023.08.09,六月廿三,廿三
2023.08.10,六月廿四,观莲节 末伏
2023.08.11,六月廿五,廿五
2023.08.12,六月廿六,廿六
2023.08.13,六月廿七,廿七
2023.08.14,六月廿八,廿八
2023.08.15,六月廿九,廿九
2023.08.16,七月初一,●七月（大）
2023.08.17,七月初二,初二
2023.08.18,七月初三,初三
2023.08.19,七月初四,初四
2023.08.20,七月初五,初五
2023.08.21,七月初六,初六
2023.08.22,七月初七,七夕
2023.08.23,七月初八,处暑
2023.08.24,七月初九,初九
2023.08.25,七月初十,初十
2023.08.26,七月十一,十一
2023.08.27,七月十二,十二
2023.08.28,七月十三,十三
2023.08.29,七月十四,十四
2023.08.30,七月十五,中元节
2023.08.31,七月十六,十六
2023.09.01,七月十七,十七
2023.09.02,七月十八,十八
2023.09.03,七月十九,抗战胜利纪念日
2023.09.04,七月二十,二十
2023.09.05,七月廿一,廿一
2023.09.06,七月廿二,廿二
2023.09.07,七月廿三,廿三
2023.09.08,七月廿四,白露
2023.09.09,七月廿五,廿五
2023.09.10,七月廿六,教师节
2023.09.11,七月廿七,廿七
2023.09.12,七月廿八,廿八
2023.09.13,七月廿九,廿九
2023.09.14,七月三十,地藏节
2023.09.15,八月初一,●八月（大） 天医节
2023.09.16,八月初二,初二
2023.09.17,八月初三,秋社日
2023.09.18,八月初四,初四
2023.09.19,八月初五,初五
2023.09.20,八月初六,初六
2023.09.21,八月初七,初七
2023.09.22,八月初八,初八
2023.09.23,八月初九,秋分
2023.09.24,八月初十,初十
2023.09.25,八月十一,十一
2023.09.26,八月十二,十二
2023.09.27,八月十三,十三
2023.09.28,八月十四,十四
2023.09.29,八月十五,中秋节
2023.09.30,八月十六,十六
2023.10.01,八月十七,国庆节
2023.10.02,八月十八,十八
2023.10.03,八月十九,十九
2023.10.04,八月二十,世界动物日
2023.10.05,八月廿一,廿一
2023.10.06,八月廿二,廿二
2023.10.07,八月廿三,廿三
2023.10.08,八月廿四,寒露
2023.10.09,八月廿五,廿五
2023.10.10,八月廿六,廿六
2023.10.11,八月廿七,廿七
2023.10.12,八月廿八,廿八
2023.10.13,八月廿九,廿九
2023.10.14,八月三十,三十
2023.10.15,九月初一,●九月（小）
2023.10.16,九月初二,初二
2023.10.17,九月初三,初三
2023.10.18,九月初四,初四
2023.10.19,九月初五,初五
2023.10.20,九月初六,初六
2023.10.21,九月初七,初七
2023.10.22,九月初八,初八
2023.10.23,九月初九,重阳节
2023.10.24,九月初十,霜降
2023.10.25,九月十一,十一
2023.10.26,九月十二,十二
2023.10.27,九月十三,十三
2023.10.28,九月十四,十四
2023.10.29,九月十五,十五
2023.10.30,九月十六,十六
2023.10.31,九月十七,十七
2023.11.01,九月十八,万圣节
2023.11.02,九月十九,十九
2023.11.03,九月二十,二十
2023.11.04,九月廿一,廿一
2023.11.05,九月廿二,廿二
2023.11.06,九月廿三,廿三
2023.11.07,九月廿四,廿四
2023.11.08,九月廿五,立冬
2023.11.09,九月廿六,廿六
2023.11.10,九月廿七,廿七
2023.11.11,九月廿八,廿八
2023.11.12,九月廿九,廿九
2023.11.13,十月初一,●十月（大） 祭祖节
2023.11.14,十月初二,初二
2023.11.15,十月初三,初三
2023.11.16,十月初四,初四
2023.11.17,十月初五,初五
2023.11.18,十月初六,初六
2023.11.19,十月初七,初七
2023.11.20,十月初八,初八
2023.11.21,十月初九,初九
2023.11.22,十月初十,小雪
2023.11.23,十月十一,感恩节
2023.11.24,十月十二,十二
2023.11.25,十月十三,十三
2023.11.26,十月十四,十四
2023.11.27,十月十五,下元节
2023.11.28,十月十六,十六
2023.11.29,十月十七,十七
2023.11.30,十月十八,十八
2023.12.01,十月十九,十九
2023.12.02,十月二十,二十
2023.12.03,十月廿一,廿一
2023.12.04,十月廿二,廿二
2023.12.05,十月廿三,廿三
2023.12.06,十月廿四,廿四
2023.12.07,十月廿五,大雪
2023.12.08,十月廿六,廿六
2023.12.09,十月廿七,廿七
2023.12.10,十月廿八,世界人权日
2023.12.11,十月廿九,廿九
2023.12.12,十月三十,西安事变纪念日
2023.12.13,冬月初一,●冬月（小）
2023.12.14,冬月初二,初二
2023.12.15,冬月初三,初三
2023.12.16,冬月初四,初四
2023.12.17,冬月初五,初五
2023.12.18,冬月初六,初六
2023.12.19,冬月初七,初七
2023.12.20,冬月初八,初八
2023.12.21,冬月初九,初九
2023.12.22,冬月初十,冬至 [一九]
2023.12.23,冬月十一,十一
2023.12.24,冬月十二,十二
2023.12.25,冬月十三,圣诞节
2023.12.26,冬月十四,十四
2023.12.27,冬月十五,十五
2023.12.28,冬月十六,十六
2023.12.29,冬月十七,十七
2023.12.30,冬月十八,十八
2023.12.31,冬月十九,[二九]
2024.01.01,冬月二十,元旦
2024.01.02,冬月廿一,廿一
2024.01.03,冬月廿二,廿二
2024.01.04,冬月廿三,廿三
2024.01.05,冬月廿四,廿四
2024.01.06,冬月廿五,小寒
2024.01.07,冬月廿六,廿六
2024.01.08,冬月廿七,廿七
2024.01.09,冬月廿八,[三九]
2024.01.10,冬月廿九,廿九
2024.01.11,腊月初一,●腊月（大）
2024.01.12,腊月初二,初二
2024.01.13,腊月初三,初三
2024.01.14,腊月初四,初四
2024.01.15,腊月初五,初五
2024.01.16,腊月初六,初六
2024.01.17,腊月初七,初七
2024.01.18,腊月初八,腊八节 [四九]
2024.01.19,腊月初九,初九
2024.01.20,腊月初十,大寒
2024.01.21,腊月十一,十一
2024.01.22,腊月十二,十二
2024.01.23,腊月十三,十三
2024.01.24,腊月十四,十四
2024.01.25,腊月十五,十五
2024.01.26,腊月十六,尾牙节
2024.01.27,腊月十七,[五九]
2024.01.28,腊月十八,十八
2024.01.29,腊月十九,十九
2024.01.30,腊月二十,二十
2024.01.31,腊月廿一,廿一
2024.02.01,腊月廿二,廿二
2024.02.02,腊月廿三,廿三
2024.02.03,腊月廿四,小年
2024.02.04,腊月廿五,立春
2024.02.05,腊月廿六,[六九]
2024.02.06,腊月廿七,廿七
2024.02.07,腊月廿八,廿八
2024.02.08,腊月廿九,廿九
2024.02.09,腊月三十,除夕
2024.02.10,正月初一,●正月（小） 春节
2024.02.11,正月初二,初二
2024.02.12,正月初三,初三
2024.02.13,正月初四,初四
2024.02.14,正月初五,情人节 [七九]
2024.02.15,正月初六,初六
2024.02.16,正月初七,人日
2024.02.17,正月初八,初八
2024.02.18,正月初九,初九
2024.02.19,正月初十,雨水
2024.02.20,正月十一,十一
2024.02.21,正月十二,十二
2024.02.22,正月十三,十三
2024.02.23,正月十四,[八九]
2024.02.24,正月十五,元宵节
2024.02.25,正月十六,十六
2024.02.26,正月十七,十七
2024.02.27,正月十八,十八
2024.02.28,正月十九,十九
2024.02.29,正月二十,二十
2024.03.01,正月廿一,廿一
2024.03.02,正月廿二,廿二
2024.03.03,正月廿三,[九九]
2024.03.04,正月廿四,廿四
2024.03.05,正月廿五,填仓节 学雷锋纪念日 惊蛰
2024.03.06,正月廿六,廿六
2024.03.07,正月廿七,廿七
2024.03.08,正月廿八,妇女节
2024.03.09,正月廿九,正月晦
2024.03.10,二月初一,●二月（大）
2024.03.11,二月初二,春龙节
2024.03.12,二月初三,植树节
2024.03.13,二月初四,初四
2024.03.14,二月初五,初五
2024.03.15,二月初六,消费者权益日 春社日
2024.03.16,二月初七,初七
2024.03.17,二月初八,初八
2024.03.18,二月初九,初九
2024.03.19,二月初十,初十
2024.03.20,二月十一,春分
2024.03.21,二月十二,十二
2024.03.22,二月十三,世界水日
2024.03.23,二月十四,世界气象日
2024.03.24,二月十五,十五
2024.03.25,二月十六,十六
2024.03.26,二月十七,十七
2024.03.27,二月十八,十八
2024.03.28,二月十九,十九
2024.03.29,二月二十,二十
2024.03.30,二月廿一,廿一
2024.03.31,二月廿二,复活节
2024.04.01,二月廿三,愚人节
2024.04.02,二月廿四,廿四
2024.04.03,二月廿五,廿五
2024.04.04,二月廿六,清明
2024.04.05,二月廿七,廿七
2024.04.06,二月廿八,廿八
2024.04.07,二月廿九,世界卫生日
2024.04.08,二月三十,三十
2024.04.09,三月初一,●三月（小）
2024.04.10,三月初二,初二
2024.04.11,三月初三,上巳节
2024.04.12,三月初四,初四
2024.04.13,三月初五,初五
2024.04.14,三月初六,初六
2024.04.15,三月初七,初七
2024.04.16,三月初八,初八
2024.04.17,三月初九,初九
2024.04.18,三月初十,初十
2024.04.19,三月十一,谷雨
2024.04.20,三月十二,十二
2024.04.21,三月十三,十三
2024.04.22,三月十四,十四
2024.04.23,三月十五,十五
2024.04.24,三月十六,十六
2024.04.25,三月十七,十七
2024.04.26,三月十八,十八
2024.04.27,三月十九,十九
2024.04.28,三月二十,二十
2024.04.29,三月廿一,廿一
2024.04.30,三月廿二,廿二
2024.05.01,三月廿三,国际劳动节
2024.05.02,三月廿四,廿四
2024.05.03,三月廿五,廿五
2024.05.04,三月廿六,青年节
2024.05.05,三月廿七,立夏
2024.05.06,三月廿八,廿八
2024.05.07,三月廿九,廿九
2024.05.08,四月初一,●四月（小）
2024.05.09,四月初二,初二
2024.05.10,四月初三,初三
2024.05.11,四月初四,初四
2024.05.12,四月初五,护士节 母亲节
2024.05.13,四月初六,初六
2024.05.14,四月初七,初七
2024.05.15,四月初八,初八
2024.05.16,四月初九,初九
2024.05.17,四月初十,初十
2024.05.18,四月十一,十一
2024.05.19,四月十二,十二
2024.05.20,四月十三,小满
2024.05.21,四月十四,十四
2024.05.22,四月十五,十五
2024.05.23,四月十六,十六
2024.05.24,四月十七,十七
2024.05.25,四月十八,十八
2024.05.26,四月十九,十九
2024.05.27,四月二十,二十
2024.05.28,四月廿一,廿一
2024.05.29,四月廿二,廿二
2024.05.30,四月廿三,廿三
2024.05.31,四月廿四,世界无烟日
2024.06.01,四月廿五,国际儿童节
2024.06.02,四月廿六,廿六
2024.06.03,四月廿七,廿七
2024.06.04,四月廿八,廿八
2024.06.05,四月廿九,世界环境日 芒种
2024.06.06,五月初一,●五月（大）
2024.06.07,五月初二,初二
2024.06.08,五月初三,初三
2024.06.09,五月初四,初四
2024.06.10,五月初五,端午节
2024.06.11,五月初六,入梅
2024.06.12,五月初七,初七
2024.06.13,五月初八,初八
2024.06.14,五月初九,初九
2024.06.15,五月初十,初十
2024.06.16,五月十一,父亲节
2024.06.17,五月十二,十二
2024.06.18,五月十三,十三
2024.06.19,五月十四,十四
2024.06.20,五月十五,十五
2024.06.21,五月十六,夏至
2024.06.22,五月十七,十七
2024.06.23,五月十八,十八
2024.06.24,五月十九,十九
2024.06.25,五月二十,二十
2024.06.26,五月廿一,国际禁毒日
2024.06.27,五月廿二,廿二
2024.06.28,五月廿三,廿三
2024.06.29,五月廿四,廿四
2024.06.30,五月廿五,廿五
2024.07.01,五月廿六,中共诞辰纪念日
2024.07.02,五月廿七,廿七
2024.07.03,五月廿八,廿八
2024.07.04,五月廿九,廿九
2024.07.05,五月三十,三十
2024.07.06,六月初一,●六月（小） 小暑 出梅
2024.07.07,六月初二,抗日战争纪念日
2024.07.08,六月初三,初三
2024.07.09,六月初四,初四
2024.07.10,六月初五,初五
2024.07.11,六月初六,天贶节
2024.07.12,六月初七,初七
2024.07.13,六月初八,初八
2024.07.14,六月初九,初九
2024.07.15,六月初十,初伏
2024.07.16,六月十一,十一
2024.07.17,六月十二,十二
2024.07.18,六月十三,十三
2024.07.19,六月十四,十四
2024.07.20,六月十五,十五
2024.07.21,六月十六,十六
2024.07.22,六月十七,大暑
2024.07.23,六月十八,十八
2024.07.24,六月十九,十九
2024.07.25,六月二十,中伏
2024.07.26,六月廿一,廿一
2024.07.27,六月廿二,廿二
2024.07.28,六月廿三,廿三
2024.07.29,六月廿四,观莲节
2024.07.30,六月廿五,廿五
2024.07.31,六月廿六,廿六
2024.08.01,六月廿七,建军节
2024.08.02,六月廿八,廿八
2024.08.03,六月廿九,廿九
2024.08.04,七月初一,●七月（大）
2024.08.05,七月初二,初二
2024.08.06,七月初三,初三
2024.08.07,七月初四,立秋
2024.08.08,七月初五,初五
2024.08.09,七月初六,初六
2024.08.10,七月初七,七夕
2024.08.11,七月初八,初八
2024.08.12,七月初九,初九
2024.08.13,七月初十,初十
2024.08.14,七月十一,末伏
2024.08.15,七月十二,十二
2024.08.16,七月十三,十三
2024.08.17,七月十四,十四
2024.08.18,七月十五,中元节
2024.08.19,七月十六,十六
2024.08.20,七月十七,十七
2024.08.21,七月十八,十八
2024.08.22,七月十九,处暑
2024.08.23,七月二十,二十
2024.08.24,七月廿一,廿一
2024.08.25,七月廿二,廿二
2024.08.26,七月廿三,廿三
2024.08.27,七月廿四,廿四
2024.08.28,七月廿五,廿五
2024.08.29,七月廿六,廿六
2024.08.30,七月廿七,廿七
2024.08.31,七月廿八,廿八
2024.09.01,七月廿九,廿九
2024.09.02,七月三十,地藏节
2024.09.03,八月初一,●八月（大） 天医节 抗战胜利纪念日
2024.09.04,八月初二,初二
2024.09.05,八月初三,初三
2024.09.06,八月初四,初四
2024.09.07,八月初五,白露
2024.09.08,八月初六,初六
2024.09.09,八月初七,初七
2024.09.10,八月初八,教师节
2024.09.11,八月初九,初九
2024.09.12,八月初十,初十
2024.09.13,八月十一,十一
2024.09.14,八月十二,十二
2024.09.15,八月十三,十三
2024.09.16,八月十四,十四
2024.09.17,八月十五,中秋节
2024.09.18,八月十六,十六
2024.09.19,八月十七,十七
2024.09.20,八月十八,十八
2024.09.21,八月十九,秋社日
2024.09.22,八月二十,秋分
2024.09.23,八月廿一,廿一
2024.09.24,八月廿二,廿二
2024.09.25,八月廿三,廿三
2024.09.26,八月廿四,廿四
2024.09.27,八月廿五,廿五
2024.09.28,八月廿六,廿六
2024.09.29,八月廿七,廿七
2024.09.30,八月廿八,廿八
2024.10.01,八月廿九,国庆节
2024.10.02,八月三十,三十
2024.10.03,九月初一,●九月（小）
2024.10.04,九月初二,世界动物日
2024.10.05,九月初三,初三
2024.10.06,九月初四,初四
2024.10.07,九月初五,初五
2024.10.08,九月初六,寒露
2024.10.09,九月初七,初七
2024.10.10,九月初八,初八
2024.10.11,九月初九,重阳节
2024.10.12,九月初十,初十
2024.10.13,九月十一,十一
2024.10.14,九月十二,十二
2024.10.15,九月十三,十三
2024.10.16,九月十四,十四
2024.10.17,九月十五,十五
2024.10.18,九月十六,十六
2024.10.19,九月十七,十七
2024.10.20,九月十八,十八
2024.10.21,九月十九,十九
2024.10.22,九月二十,二十
2024.10.23,九月廿一,霜降
2024.10.24,九月廿二,廿二
2024.10.25,九月廿三,廿三
2024.10.26,九月廿四,廿四
2024.10.27,九月廿五,廿五
2024.10.28,九月廿六,廿六
2024.10.29,九月廿七,廿七
2024.10.30,九月廿八,廿八
2024.10.31,九月廿九,廿九
2024.11.01,十月初一,●十月（大） 祭祖节 万圣节
2024.11.02,十月初二,初二
2024.11.03,十月初三,初三
2024.11.04,十月初四,初四
2024.11.05,十月初五,初五
2024.11.06,十月初六,初六
2024.11.07,十月初七,立冬
2024.11.08,十月初八,初八
2024.11.09,十月初九,初九
2024.11.10,十月初十,初十
2024.11.11,十月十一,十一
2024.11.12,十月十二,十二
2024.11.13,十月十三,十三
2024.11.14,十月十四,十四
2024.11.15,十月十五,下元节
2024.11.16,十月十六,十六
2024.11.17,十月十七,十七
2024.11.18,十月十八,十八
2024.11.19,十月十九,十九
2024.11.20,十月二十,二十
2024.11.21,十月廿一,廿一
2024.11.22,十月廿二,小雪
2024.11.23,十月廿三,廿三
2024.11.24,十月廿四,廿四
2024.11.25,十月廿五,廿五
2024.11.26,十月廿六,廿六
2024.11.27,十月廿七,廿七
2024.11.28,十月廿八,感恩节
2024.11.29,十月廿九,廿九
2024.11.30,十月三十,三十
2024.12.01,冬月初一,●冬月（大）
2024.12.02,冬月初二,初二
2024.12.03,冬月初三,初三
2024.12.04,冬月初四,初四
2024.12.05,冬月初五,初五
2024.12.06,冬月初六,大雪
2024.12.07,冬月初七,初七
2024.12.08,冬月初八,初八
2024.12.09,冬月初九,初九
2024.12.10,冬月初十,世界人权日
2024.12.11,冬月十一,十一
2024.12.12,冬月十二,西安事变纪念日
2024.12.13,冬月十三,十三
2024.12.14,冬月十四,十四
2024.12.15,冬月十五,十五
2024.12.16,冬月十六,十六
2024.12.17,冬月十七,十七
2024.12.18,冬月十八,十八
2024.12.19,冬月十九,十九
2024.12.20,冬月二十,二十
2024.12.21,冬月廿一,冬至 [一九]
2024.12.22,冬月廿二,廿二
2024.12.23,冬月廿三,廿三
2024.12.24,冬月廿四,廿四
2024.12.25,冬月廿五,圣诞节
2024.12.26,冬月廿六,廿六
2024.12.27,冬月廿七,廿七
2024.12.28,冬月廿八,廿八
2024.12.29,冬月廿九,廿九
2024.12.30,冬月三十,[二九]
2024.12.31,腊月初一,●腊月（小）
2025.01.01,腊月初二,元旦
2025.01.02,腊月初三,初三
2025.01.03,腊月初四,初四
2025.01.04,腊月初五,初五
2025.01.05,腊月初六,小寒
2025.01.06,腊月初七,初七
2025.01.07,腊月初八,腊八节
2025.01.08,腊月初九,[三九]
2025.01.09,腊月初十,初十
2025.01.10,腊月十一,十一
2025.01.11,腊月十二,十二
2025.01.12,腊月十三,十三
2025.01.13,腊月十四,十四
2025.01.14,腊月十五,十五
2025.01.15,腊月十六,尾牙节
2025.01.16,腊月十七,十七
2025.01.17,腊月十八,[四九]
2025.01.18,腊月十九,十九
2025.01.19,腊月二十,二十
2025.01.20,腊月廿一,大寒
2025.01.21,腊月廿二,廿二
2025.01.22,腊月廿三,廿三
2025.01.23,腊月廿四,小年
2025.01.24,腊月廿五,廿五
2025.01.25,腊月廿六,廿六
2025.01.26,腊月廿七,[五九]
2025.01.27,腊月廿八,廿八
2025.01.28,腊月廿九,除夕
2025.01.29,正月初一,●正月（大） 春节
2025.01.30,正月初二,初二
2025.01.31,正月初三,初三
2025.02.01,正月初四,初四
2025.02.02,正月初五,初五
2025.02.03,正月初六,立春
2025.02.04,正月初七,人日 [六九]
2025.02.05,正月初八,初八
2025.02.06,正月初九,初九
2025.02.07,正月初十,初十
2025.02.08,正月十一,十一
2025.02.09,正月十二,十二
2025.02.10,正月十三,十三
2025.02.11,正月十四,十四
2025.02.12,正月十五,元宵节
2025.02.13,正月十六,[七九]
2025.02.14,正月十七,情人节
2025.02.15,正月十八,十八
2025.02.16,正月十九,十九
2025.02.17,正月二十,二十
2025.02.18,正月廿一,雨水
2025.02.19,正月廿二,廿二
2025.02.20,正月廿三,廿三
2025.02.21,正月廿四,廿四
2025.02.22,正月廿五,填仓节 [八九]
2025.02.23,正月廿六,廿六
2025.02.24,正月廿七,廿七
2025.02.25,正月廿八,廿八
2025.02.26,正月廿九,廿九
2025.02.27,正月三十,正月晦
2025.02.28,二月初一,●二月（小）
2025.03.01,二月初二,春龙节
2025.03.02,二月初三,初三
2025.03.03,二月初四,[九九]
2025.03.04,二月初五,初五
2025.03.05,二月初六,学雷锋纪念日 惊蛰
2025.03.06,二月初七,初七
2025.03.07,二月初八,初八
2025.03.08,二月初九,妇女节
2025.03.09,二月初十,初十
2025.03.10,二月十一,十一
2025.03.11,二月十二,十二
2025.03.12,二月十三,植树节
2025.03.13,二月十四,十四
2025.03.14,二月十五,十五
2025.03.15,二月十六,消费者权益日
2025.03.16,二月十七,十七
2025.03.17,二月十八,十八
2025.03.18,二月十九,十九
2025.03.19,二月二十,二十
2025.03.20,二月廿一,春分 春社日
2025.03.21,二月廿二,廿二
2025.03.22,二月廿三,世界水日
2025.03.23,二月廿四,世界气象日
2025.03.24,二月廿五,廿五
2025.03.25,二月廿六,廿六
2025.03.26,二月廿七,廿七
2025.03.27,二月廿八,廿八
2025.03.28,二月廿九,廿九
2025.03.29,三月初一,●三月（大）
2025.03.30,三月初二,初二
2025.03.31,三月初三,上巳节
2025.04.01,三月初四,愚人节
2025.04.02,三月初五,初五
2025.04.03,三月初六,初六
2025.04.04,三月初七,清明
2025.04.05,三月初八,初八
2025.04.06,三月初九,初九
2025.04.07,三月初十,世界卫生日
2025.04.08,三月十一,十一
2025.04.09,三月十二,十二
2025.04.10,三月十三,十三
2025.04.11,三月十四,十四
2025.04.12,三月十五,十五
2025.04.13,三月十六,复活节
2025.04.14,三月十七,十七
2025.04.15,三月十八,十八
2025.04.16,三月十九,十九
2025.04.17,三月二十,二十
2025.04.18,三月廿一,廿一
2025.04.19,三月廿二,廿二
2025.04.20,三月廿三,谷雨
2025.04.21,三月廿四,廿四
2025.04.22,三月廿五,廿五
2025.04.23,三月廿六,廿六
2025.04.24,三月廿七,廿七
2025.04.25,三月廿八,廿八
2025.04.26,三月廿九,廿九
2025.04.27,三月三十,三十
2025.04.28,四月初一,●四月（小）
2025.04.29,四月初二,初二
2025.04.30,四月初三,初三
2025.05.01,四月初四,国际劳动节
2025.05.02,四月初五,初五
2025.05.03,四月初六,初六
2025.05.04,四月初七,青年节
2025.05.05,四月初八,立夏
2025.05.06,四月初九,初九
2025.05.07,四月初十,初十
2025.05.08,四月十一,十一
2025.05.09,四月十二,十二
2025.05.10,四月十三,十三
2025.05.11,四月十四,母亲节
2025.05.12,四月十五,护士节
2025.05.13,四月十六,十六
2025.05.14,四月十七,十七
2025.05.15,四月十八,十八
2025.05.16,四月十九,十九
2025.05.17,四月二十,二十
2025.05.18,四月廿一,廿一
2025.05.19,四月廿二,廿二
2025.05.20,四月廿三,廿三
2025.05.21,四月廿四,小满
2025.05.22,四月廿五,廿五
2025.05.23,四月廿六,廿六
2025.05.24,四月廿七,廿七
2025.05.25,四月廿八,廿八
2025.05.26,四月廿九,廿九
2025.05.27,五月初一,●五月（小）
2025.05.28,五月初二,初二
2025.05.29,五月初三,初三
2025.05.30,五月初四,初四
2025.05.31,五月初五,端午节 世界无烟日
2025.06.01,五月初六,国际儿童节
2025.06.02,五月初七,初七
2025.06.03,五月初八,初八
2025.06.04,五月初九,初九
2025.06.05,五月初十,世界环境日 芒种
2025.06.06,五月十一,入梅
2025.06.07,五月十二,十二
2025.06.08,五月十三,十三
2025.06.09,五月十四,十四
2025.06.10,五月十五,十五
2025.06.11,五月十六,十六
2025.06.12,五月十七,十七
2025.06.13,五月十八,十八
2025.06.14,五月十九,十九
2025.06.15,五月二十,父亲节
2025.06.16,五月廿一,廿一
2025.06.17,五月廿二,廿二
2025.06.18,五月廿三,廿三
2025.06.19,五月廿四,廿四
2025.06.20,五月廿五,廿五
2025.06.21,五月廿六,夏至
2025.06.22,五月廿七,廿七
2025.06.23,五月廿八,廿八
2025.06.24,五月廿九,廿九
2025.06.25,六月初一,●六月（大）
2025.06.26,六月初二,国际禁毒日
2025.06.27,六月初三,初三
2025.06.28,六月初四,初四
2025.06.29,六月初五,初五
2025.06.30,六月初六,天贶节
2025.07.01,六月初七,中共诞辰纪念日
2025.07.02,六月初八,初八
2025.07.03,六月初九,初九
2025.07.04,六月初十,初十
2025.07.05,六月十一,十一
2025.07.06,六月十二,十二
2025.07.07,六月十三,抗日战争纪念日 小暑
2025.07.08,六月十四,十四
2025.07.09,六月十五,十五
2025.07.10,六月十六,十六
2025.07.11,六月十七,十七
2025.07.12,六月十八,十八
2025.07.13,六月十九,出梅
2025.07.14,六月二十,二十
2025.07.15,六月廿一,廿一
2025.07.16,六月廿二,廿二
2025.07.17,六月廿三,廿三
2025.07.18,六月廿四,观莲节
2025.07.19,六月廿五,廿五
2025.07.20,六月廿六,初伏
2025.07.21,六月廿七,廿七
2025.07.22,六月廿八,大暑
2025.07.23,六月廿九,廿九
2025.07.24,六月三十,三十
2025.07.25,闰六月初一,●闰六月（小）
2025.07.26,闰六月初二,初二
2025.07.27,闰六月初三,初三
2025.07.28,闰六月初四,初四
2025.07.29,闰六月初五,初五
2025.07.30,闰六月初六,中伏
2025.07.31,闰六月初七,初七
2025.08.01,闰六月初八,建军节
2025.08.02,闰六月初九,初九
2025.08.03,闰六月初十,初十
2025.08.04,闰六月十一,十一
2025.08.05,闰六月十二,十二
2025.08.06,闰六月十三,十三
2025.08.07,闰六月十四,立秋
2025.08.08,闰六月十五,十五
2025.08.09,闰六月十六,末伏
2025.08.10,闰六月十七,十七
2025.08.11,闰六月十八,十八
2025.08.12,闰六月十九,十九
2025.08.13,闰六月二十,二十
2025.08.14,闰六月廿一,廿一
2025.08.15,闰六月廿二,廿二
2025.08.16,闰六月廿三,廿三
2025.08.17,闰六月廿四,廿四
2025.08.18,闰六月廿五,廿五
2025.08.19,闰六月廿六,廿六
2025.08.20,闰六月廿七,廿七
2025.08.21,闰六月廿八,廿八
2025.08.22,闰六月廿九,廿九
2025.08.23,七月初一,●七月（大） 处暑
2025.08.24,七月初二,初二
2025.08.25,七月初三,初三
2025.08.26,七月初四,初四
2025.08.27,七月初五,初五
2025.08.28,七月初六,初六
2025.08.29,七月初七,七夕
2025.08.30,七月初八,初八
2025.08.31,七月初九,初九
2025.09.01,七月初十,初十
2025.09.02,七月十一,十一
2025.09.03,七月十二,抗战胜利纪念日
2025.09.04,七月十三,十三
2025.09.05,七月十四,十四
2025.09.06,七月十五,中元节
2025.09.07,七月十六,白露
2025.09.08,七月十七,十七
2025.09.09,七月十八,十八
2025.09.10,七月十九,教师节
2025.09.11,七月二十,二十
2025.09.12,七月廿一,廿一
2025.09.13,七月廿二,廿二
2025.09.14,七月廿三,廿三
2025.09.15,七月廿四,廿四
2025.09.16,七月廿五,秋社日
2025.09.17,七月廿六,廿六
2025.09.18,七月廿七,廿七
2025.09.19,七月廿八,廿八
2025.09.20,七月廿九,廿九
2025.09.21,七月三十,地藏节
2025.09.22,八月初一,●八月（小） 天医节
2025.09.23,八月初二,秋分
2025.09.24,八月初三,初三
2025.09.25,八月初四,初四
2025.09.26,八月初五,初五
2025.09.27,八月初六,初六
2025.09.28,八月初七,初七
2025.09.29,八月初八,初八
2025.09.30,八月初九,初九
2025.10.01,八月初十,国庆节
2025.10.02,八月十一,十一
2025.10.03,八月十二,十二
2025.10.04,八月十三,世界动物日
2025.10.05,八月十四,十四
2025.10.06,八月十五,中秋节
2025.10.07,八月十六,十六
2025.10.08,八月十七,寒露
2025.10.09,八月十八,十八
2025.10.10,八月十九,十九
2025.10.11,八月二十,二十
2025.10.12,八月廿一,廿一
2025.10.13,八月廿二,廿二
2025.10.14,八月廿三,廿三
2025.10.15,八月廿四,廿四
2025.10.16,八月廿五,廿五
2025.10.17,八月廿六,廿六
2025.10.18,八月廿七,廿七
2025.10.19,八月廿八,廿八
2025.10.20,八月廿九,廿九
2025.10.21,九月初一,●九月（大）
2025.10.22,九月初二,初二
2025.10.23,九月初三,霜降
2025.10.24,九月初四,初四
2025.10.25,九月初五,初五
2025.10.26,九月初六,初六
2025.10.27,九月初七,初七
2025.10.28,九月初八,初八
2025.10.29,九月初九,重阳节
2025.10.30,九月初十,初十
2025.10.31,九月十一,十一
2025.11.01,九月十二,万圣节
2025.11.02,九月十三,十三
2025.11.03,九月十四,十四
2025.11.04,九月十五,十五
2025.11.05,九月十六,十六
2025.11.06,九月十七,十七
2025.11.07,九月十八,立冬
2025.11.08,九月十九,十九
2025.11.09,九月二十,二十
2025.11.10,九月廿一,廿一
2025.11.11,九月廿二,廿二
2025.11.12,九月廿三,廿三
2025.11.13,九月廿四,廿四
2025.11.14,九月廿五,廿五
2025.11.15,九月廿六,廿六
2025.11.16,九月廿七,廿七
2025.11.17,九月廿八,廿八
2025.11.18,九月廿九,廿九
2025.11.19,九月三十,三十
2025.11.20,十月初一,●十月（大） 祭祖节
2025.11.21,十月初二,初二
2025.11.22,十月初三,小雪
2025.11.23,十月初四,初四
2025.11.24,十月初五,初五
2025.11.25,十月初六,初六
2025.11.26,十月初七,初七
2025.11.27,十月初八,感恩节
2025.11.28,十月初九,初九
2025.11.29,十月初十,初十
2025.11.30,十月十一,十一
2025.12.01,十月十二,十二
2025.12.02,十月十三,十三
2025.12.03,十月十四,十四
2025.12.04,十月十五,下元节
2025.12.05,十月十六,十六
2025.12.06,十月十七,十七
2025.12.07,十月十八,大雪
2025.12.08,十月十九,十九
2025.12.09,十月二十,二十
2025.12.10,十月廿一,世界人权日
2025.12.11,十月廿二,廿二
2025.12.12,十月廿三,西安事变纪念日
2025.12.13,十月廿四,廿四
2025.12.14,十月廿五,廿五
2025.12.15,十月廿六,廿六
2025.12.16,十月廿七,廿七
2025.12.17,十月廿八,廿八
2025.12.18,十月廿九,廿九
2025.12.19,十月三十,三十
2025.12.20,冬月初一,●冬月（大）
2025.12.21,冬月初二,冬至 [一九]
2025.12.22,冬月初三,初三
2025.12.23,冬月初四,初四
2025.12.24,冬月初五,初五
2025.12.25,冬月初六,圣诞节
2025.12.26,冬月初七,初七
2025.12.27,冬月初八,初八
2025.12.28,冬月初九,初九
2025.12.29,冬月初十,初十
2025.12.30,冬月十一,[二九]
2025.12.31,冬月十二,十二
2026.01.01,冬月十三,元旦
2026.01.02,冬月十四,十四
2026.01.03,冬月十五,十五
2026.01.04,冬月十六,十六
2026.01.05,冬月十七,小寒
2026.01.06,冬月十八,十八
2026.01.07,冬月十九,十九
2026.01.08,冬月二十,[三九]
2026.01.09,冬月廿一,廿一
2026.01.10,冬月廿二,廿二
2026.01.11,冬月廿三,廿三
2026.01.12,冬月廿四,廿四
2026.01.13,冬月廿五,廿五
2026.01.14,冬月廿六,廿六
2026.01.15,冬月廿七,廿七
2026.01.16,冬月廿八,廿八
2026.01.17,冬月廿九,[四九]
2026.01.18,冬月三十,三十
2026.01.19,腊月初一,●腊月（小）
2026.01.20,腊月初二,大寒
2026.01.21,腊月初三,初三
2026.01.22,腊月初四,初四
2026.01.23,腊月初五,初五
2026.01.24,腊月初六,初六
2026.01.25,腊月初七,初七
2026.01.26,腊月初八,腊八节 [五九]
2026.01.27,腊月初九,初九
2026.01.28,腊月初十,初十
2026.01.29,腊月十一,十一
2026.01.30,腊月十二,十二
2026.01.31,腊月十三,十三
2026.02.01,腊月十四,十四
2026.02.02,腊月十五,十五
2026.02.03,腊月十六,尾牙节
2026.02.04,腊月十七,立春 [六九]
2026.02.05,腊月十八,十八
2026.02.06,腊月十九,十九
2026.02.07,腊月二十,二十
2026.02.08,腊月廿一,廿一
2026.02.09,腊月廿二,廿二
2026.02.10,腊月廿三,廿三
2026.02.11,腊月廿四,小年
2026.02.12,腊月廿五,廿五
2026.02.13,腊月廿六,[七九]
2026.02.14,腊月廿七,情人节
2026.02.15,腊月廿八,廿八
2026.02.16,腊月廿九,除夕
2026.02.17,正月初一,●正月（大） 春节
2026.02.18,正月初二,雨水
2026.02.19,正月初三,初三
2026.02.20,正月初四,初四
2026.02.21,正月初五,初五
2026.02.22,正月初六,[八九]
2026.02.23,正月初七,人日
2026.02.24,正月初八,初八
2026.02.25,正月初九,初九
2026.02.26,正月初十,初十
2026.02.27,正月十一,十一
2026.02.28,正月十二,十二
2026.03.01,正月十三,十三
2026.03.02,正月十四,十四
2026.03.03,正月十五,元宵节 [九九]
2026.03.04,正月十六,十六
2026.03.05,正月十七,学雷锋纪念日 惊蛰
2026.03.06,正月十八,十八
2026.03.07,正月十九,十九
2026.03.08,正月二十,妇女节
2026.03.09,正月廿一,廿一
2026.03.10,正月廿二,廿二
2026.03.11,正月廿三,廿三
2026.03.12,正月廿四,植树节
2026.03.13,正月廿五,填仓节
2026.03.14,正月廿六,廿六
2026.03.15,正月廿七,消费者权益日
2026.03.16,正月廿八,廿八
2026.03.17,正月廿九,廿九
2026.03.18,正月三十,正月晦
2026.03.19,二月初一,●二月（小）
2026.03.20,二月初二,春龙节 春分
2026.03.21,二月初三,初三
2026.03.22,二月初四,世界水日
2026.03.23,二月初五,世界气象日
2026.03.24,二月初六,初六
2026.03.25,二月初七,春社日
2026.03.26,二月初八,初八
2026.03.27,二月初九,初九
2026.03.28,二月初十,初十
2026.03.29,二月十一,十一
2026.03.30,二月十二,十二
2026.03.31,二月十三,十三
2026.04.01,二月十四,愚人节
2026.04.02,二月十五,十五
2026.04.03,二月十六,十六
2026.04.04,二月十七,十七
2026.04.05,二月十八,复活节 清明
2026.04.06,二月十九,十九
2026.04.07,二月二十,世界卫生日
2026.04.08,二月廿一,廿一
2026.04.09,二月廿二,廿二
2026.04.10,二月廿三,廿三
2026.04.11,二月廿四,廿四
2026.04.12,二月廿五,廿五
2026.04.13,二月廿六,廿六
2026.04.14,二月廿七,廿七
2026.04.15,二月廿八,廿八
2026.04.16,二月廿九,廿九
2026.04.17,三月初一,●三月（大）
2026.04.18,三月初二,初二
2026.04.19,三月初三,上巳节
2026.04.20,三月初四,谷雨
2026.04.21,三月初五,初五
2026.04.22,三月初六,初六
2026.04.23,三月初七,初七
2026.04.24,三月初八,初八
2026.04.25,三月初九,初九
2026.04.26,三月初十,初十
2026.04.27,三月十一,十一
2026.04.28,三月十二,十二
2026.04.29,三月十三,十三
2026.04.30,三月十四,十四
2026.05.01,三月十五,国际劳动节
2026.05.02,三月十六,十六
2026.05.03,三月十七,十七
2026.05.04,三月十八,青年节
2026.05.05,三月十九,立夏
2026.05.06,三月二十,二十
2026.05.07,三月廿一,廿一
2026.05.08,三月廿二,廿二
2026.05.09,三月廿三,廿三
2026.05.10,三月廿四,母亲节
2026.05.11,三月廿五,廿五
2026.05.12,三月廿六,护士节
2026.05.13,三月廿七,廿七
2026.05.14,三月廿八,廿八
2026.05.15,三月廿九,廿九
2026.05.16,三月三十,三十
2026.05.17,四月初一,●四月（小）
2026.05.18,四月初二,初二
2026.05.19,四月初三,初三
2026.05.20,四月初四,初四
2026.05.21,四月初五,小满
2026.05.22,四月初六,初六
2026.05.23,四月初七,初七
2026.05.24,四月初八,初八
2026.05.25,四月初九,初九
2026.05.26,四月初十,初十
2026.05.27,四月十一,十一
2026.05.28,四月十二,十二
2026.05.29,四月十三,十三
2026.05.30,四月十四,十四
2026.05.31,四月十五,世界无烟日
2026.06.01,四月十六,国际儿童节
2026.06.02,四月十七,十七
2026.06.03,四月十八,十八
2026.06.04,四月十九,十九
2026.06.05,四月二十,世界环境日 芒种
2026.06.06,四月廿一,廿一
2026.06.07,四月廿二,廿二
2026.06.08,四月廿三,廿三
2026.06.09,四月廿四,廿四
2026.06.10,四月廿五,廿五
2026.06.11,四月廿六,入梅
2026.06.12,四月廿七,廿七
2026.06.13,四月廿八,廿八
2026.06.14,四月廿九,廿九
2026.06.15,五月初一,●五月（小）
2026.06.16,五月初二,初二
2026.06.17,五月初三,初三
2026.06.18,五月初四,初四
2026.06.19,五月初五,端午节
2026.06.20,五月初六,初六
2026.06.21,五月初七,父亲节 夏至
2026.06.22,五月初八,初八
2026.06.23,五月初九,初九
2026.06.24,五月初十,初十
2026.06.25,五月十一,十一
2026.06.26,五月十二,国际禁毒日
2026.06.27,五月十三,十三
2026.06.28,五月十四,十四
2026.06.29,五月十五,十五
2026.06.30,五月十六,十六
2026.07.01,五月十七,中共诞辰纪念日
2026.07.02,五月十八,十八
2026.07.03,五月十九,十九
2026.07.04,五月二十,二十
2026.07.05,五月廿一,廿一
2026.07.06,五月廿二,廿二
2026.07.07,五月廿三,抗日战争纪念日 小暑
2026.07.08,五月廿四,出梅
2026.07.09,五月廿五,廿五
2026.07.10,五月廿六,廿六
2026.07.11,五月廿七,廿七
2026.07.12,五月廿八,廿八
2026.07.13,五月廿九,廿九
2026.07.14,六月初一,●六月（大）
2026.07.15,六月初二,初伏
2026.07.16,六月初三,初三
2026.07.17,六月初四,初四
2026.07.18,六月初五,初五
2026.07.19,六月初六,天贶节
2026.07.20,六月初七,初七
2026.07.21,六月初八,初八
2026.07.22,六月初九,初九
2026.07.23,六月初十,大暑
2026.07.24,六月十一,十一
2026.07.25,六月十二,中伏
2026.07.26,六月十三,十三
2026.07.27,六月十四,十四
2026.07.28,六月十五,十五
2026.07.29,六月十六,十六
2026.07.30,六月十七,十七
2026.07.31,六月十八,十八
2026.08.01,六月十九,建军节
2026.08.02,六月二十,二十
2026.08.03,六月廿一,廿一
2026.08.04,六月廿二,廿二
2026.08.05,六月廿三,廿三
2026.08.06,六月廿四,观莲节
2026.08.07,六月廿五,立秋
2026.08.08,六月廿六,廿六
2026.08.09,六月廿七,廿七
2026.08.10,六月廿八,廿八
2026.08.11,六月廿九,廿九
2026.08.12,六月三十,三十
2026.08.13,七月初一,●七月（小）
2026.08.14,七月初二,末伏
2026.08.15,七月初三,初三
2026.08.16,七月初四,初四
2026.08.17,七月初五,初五
2026.08.18,七月初六,初六
2026.08.19,七月初七,七夕
2026.08.20,七月初八,初八
2026.08.21,七月初九,初九
2026.08.22,七月初十,初十
2026.08.23,七月十一,处暑
2026.08.24,七月十二,十二
2026.08.25,七月十三,十三
2026.08.26,七月十四,十四
2026.08.27,七月十五,中元节
2026.08.28,七月十六,十六
2026.08.29,七月十七,十七
2026.08.30,七月十八,十八
2026.08.31,七月十九,十九
2026.09.01,七月二十,二十
2026.09.02,七月廿一,廿一
2026.09.03,七月廿二,抗战胜利纪念日
2026.09.04,七月廿三,廿三
2026.09.05,七月廿四,廿四
2026.09.06,七月廿五,廿五
2026.09.07,七月廿六,白露
2026.09.08,七月廿七,廿七
2026.09.09,七月廿八,廿八
2026.09.10,七月廿九,地藏节 教师节
2026.09.11,八月初一,●八月（小） 天医节
2026.09.12,八月初二,初二
2026.09.13,八月初三,初三
2026.09.14,八月初四,初四
2026.09.15,八月初五,初五
2026.09.16,八月初六,初六
2026.09.17,八月初七,初七
2026.09.18,八月初八,初八
2026.09.19,八月初九,初九
2026.09.20,八月初十,初十
2026.09.21,八月十一,秋社日
2026.09.22,八月十二,十二
2026.09.23,八月十三,秋分
2026.09.24,八月十四,十四
2026.09.25,八月十五,中秋节
2026.09.26,八月十六,十六
2026.09.27,八月十七,十七
2026.09.28,八月十八,十八
2026.09.29,八月十九,十九
2026.09.30,八月二十,二十
2026.10.01,八月廿一,国庆节
2026.10.02,八月廿二,廿二
2026.10.03,八月廿三,廿三
2026.10.04,八月廿四,世界动物日
2026.10.05,八月廿五,廿五
2026.10.06,八月廿六,廿六
2026.10.07,八月廿七,廿七
2026.10.08,八月廿八,寒露
2026.10.09,八月廿九,廿九
2026.10.10,九月初一,●九月（大）
2026.10.11,九月初二,初二
2026.10.12,九月初三,初三
2026.10.13,九月初四,初四
2026.10.14,九月初五,初五
2026.10.15,九月初六,初六
2026.10.16,九月初七,初七
2026.10.17,九月初八,初八
2026.10.18,九月初九,重阳节
2026.10.19,九月初十,初十
2026.10.20,九月十一,十一
2026.10.21,九月十二,十二
2026.10.22,九月十三,十三
2026.10.23,九月十四,霜降
2026.10.24,九月十五,十五
2026.10.25,九月十六,十六
2026.10.26,九月十七,十七
2026.10.27,九月十八,十八
2026.10.28,九月十九,十九
2026.10.29,九月二十,二十
2026.10.30,九月廿一,廿一
2026.10.31,九月廿二,廿二
2026.11.01,九月廿三,万圣节
2026.11.02,九月廿四,廿四
2026.11.03,九月廿五,廿五
2026.11.04,九月廿六,廿六
2026.11.05,九月廿七,廿七
2026.11.06,九月廿八,廿八
2026.11.07,九月廿九,立冬
2026.11.08,九月三十,三十
2026.11.09,十月初一,●十月（大） 祭祖节
2026.11.10,十月初二,初二
2026.11.11,十月初三,初三
2026.11.12,十月初四,初四
2026.11.13,十月初五,初五
2026.11.14,十月初六,初六
2026.11.15,十月初七,初七
2026.11.16,十月初八,初八
2026.11.17,十月初九,初九
2026.11.18,十月初十,初十
2026.11.19,十月十一,十一
2026.11.20,十月十二,十二
2026.11.21,十月十三,十三
2026.11.22,十月十四,小雪
2026.11.23,十月十五,下元节
2026.11.24,十月十六,十六
2026.11.25,十月十七,十七
2026.11.26,十月十八,感恩节
2026.11.27,十月十九,十九
2026.11.28,十月二十,二十
2026.11.29,十月廿一,廿一
2026.11.30,十月廿二,廿二
2026.12.01,十月廿三,廿三
2026.12.02,十月廿四,廿四
2026.12.03,十月廿五,廿五
2026.12.04,十月廿六,廿六
2026.12.05,十月廿七,廿七
2026.12.06,十月廿八,廿八
2026.12.07,十月廿九,大雪
2026.12.08,十月三十,三十
2026.12.09,冬月初一,●冬月（大）
2026.12.10,冬月初二,世界人权日
2026.12.11,冬月初三,初三
2026.12.12,冬月初四,西安事变纪念日
2026.12.13,冬月初五,初五
2026.12.14,冬月初六,初六
2026.12.15,冬月初七,初七
2026.12.16,冬月初八,初八
2026.12.17,冬月初九,初九
2026.12.18,冬月初十,初十
2026.12.19,冬月十一,十一
2026.12.20,冬月十二,十二
2026.12.21,冬月十三,十三
2026.12.22,冬月十四,冬至 [一九]
2026.12.23,冬月十五,十五
2026.12.24,冬月十六,十六
2026.12.25,冬月十七,圣诞节
2026.12.26,冬月十八,十八
2026.12.27,冬月十九,十九
2026.12.28,冬月二十,二十
2026.12.29,冬月廿一,廿一
2026.12.30,冬月廿二,廿二
2026.12.31,冬月廿三,[二九]
2027.01.01,冬月廿四,元旦
2027.01.02,冬月廿五,廿五
2027.01.03,冬月廿六,廿六
2027.01.04,冬月廿七,廿七
2027.01.05,冬月廿八,小寒
2027.01.06,冬月廿九,廿九
2027.01.07,冬月三十,三十
2027.01.08,腊月初一,●腊月（小）
2027.01.09,腊月初二,[三九]
2027.01.10,腊月初三,初三
2027.01.11,腊月初四,初四
2027.01.12,腊月初五,初五
2027.01.13,腊月初六,初六
2027.01.14,腊月初七,初七
2027.01.15,腊月初八,腊八节
2027.01.16,腊月初九,初九
2027.01.17,腊月初十,初十
2027.01.18,腊月十一,[四九]
2027.01.19,腊月十二,十二
2027.01.20,腊月十三,大寒
2027.01.21,腊月十四,十四
2027.01.22,腊月十五,十五
2027.01.23,腊月十六,尾牙节
2027.01.24,腊月十七,十七
2027.01.25,腊月十八,十八
2027.01.26,腊月十九,十九
2027.01.27,腊月二十,[五九]
2027.01.28,腊月廿一,廿一
2027.01.29,腊月廿二,廿二
2027.01.30,腊月廿三,廿三
2027.01.31,腊月廿四,小年
2027.02.01,腊月廿五,廿五
2027.02.02,腊月廿六,廿六
2027.02.03,腊月廿七,廿七
2027.02.04,腊月廿八,立春
2027.02.05,腊月廿九,除夕 [六九]
2027.02.06,正月初一,●正月（大） 春节
2027.02.07,正月初二,初二
2027.02.08,正月初三,初三
2027.02.09,正月初四,初四
2027.02.10,正月初五,初五
2027.02.11,正月初六,初六
2027.02.12,正月初七,人日
2027.02.13,正月初八,初八
2027.02.14,正月初九,情人节 [七九]
2027.02.15,正月初十,初十
2027.02.16,正月十一,十一
2027.02.17,正月十二,十二
2027.02.18,正月十三,十三
2027.02.19,正月十四,雨水
2027.02.20,正月十五,元宵节
2027.02.21,正月十六,十六
2027.02.22,正月十七,十七
2027.02.23,正月十八,[八九]
2027.02.24,正月十九,十九
2027.02.25,正月二十,二十
2027.02.26,正月廿一,廿一
2027.02.27,正月廿二,廿二
2027.02.28,正月廿三,廿三
2027.03.01,正月廿四,廿四
2027.03.02,正月廿五,填仓节
2027.03.03,正月廿六,廿六
2027.03.04,正月廿七,[九九]
2027.03.05,正月廿八,学雷锋纪念日
2027.03.06,正月廿九,惊蛰
2027.03.07,正月三十,正月晦
2027.03.08,二月初一,●二月（大） 妇女节
2027.03.09,二月初二,春龙节
2027.03.10,二月初三,初三
2027.03.11,二月初四,初四
2027.03.12,二月初五,植树节
2027.03.13,二月初六,初六
2027.03.14,二月初七,初七
2027.03.15,二月初八,消费者权益日
2027.03.16,二月初九,初九
2027.03.17,二月初十,初十
2027.03.18,二月十一,十一
2027.03.19,二月十二,十二
2027.03.20,二月十三,春社日
2027.03.21,二月十四,春分
2027.03.22,二月十五,世界水日
2027.03.23,二月十六,世界气象日
2027.03.24,二月十七,十七
2027.03.25,二月十八,十八
2027.03.26,二月十九,十九
2027.03.27,二月二十,二十
2027.03.28,二月廿一,复活节
2027.03.29,二月廿二,廿二
2027.03.30,二月廿三,廿三
2027.03.31,二月廿四,廿四
2027.04.01,二月廿五,愚人节
2027.04.02,二月廿六,廿六
2027.04.03,二月廿七,廿七
2027.04.04,二月廿八,廿八
2027.04.05,二月廿九,清明
2027.04.06,二月三十,三十
2027.04.07,三月初一,●三月（小） 世界卫生日
2027.04.08,三月初二,初二
2027.04.09,三月初三,上巳节
2027.04.10,三月初四,初四
2027.04.11,三月初五,初五
2027.04.12,三月初六,初六
2027.04.13,三月初七,初七
2027.04.14,三月初八,初八
2027.04.15,三月初九,初九
2027.04.16,三月初十,初十
2027.04.17,三月十一,十一
2027.04.18,三月十二,十二
2027.04.19,三月十三,十三
2027.04.20,三月十四,谷雨
2027.04.21,三月十五,十五
2027.04.22,三月十六,十六
2027.04.23,三月十七,十七
2027.04.24,三月十八,十八
2027.04.25,三月十九,十九
2027.04.26,三月二十,二十
2027.04.27,三月廿一,廿一
2027.04.28,三月廿二,廿二
2027.04.29,三月廿三,廿三
2027.04.30,三月廿四,廿四
2027.05.01,三月廿五,国际劳动节
2027.05.02,三月廿六,廿六
2027.05.03,三月廿七,廿七
2027.05.04,三月廿八,青年节
2027.05.05,三月廿九,廿九
2027.05.06,四月初一,●四月（大） 立夏
2027.05.07,四月初二,初二
2027.05.08,四月初三,初三
2027.05.09,四月初四,母亲节
2027.05.10,四月初五,初五
2027.05.11,四月初六,初六
2027.05.12,四月初七,护士节
2027.05.13,四月初八,初八
2027.05.14,四月初九,初九
2027.05.15,四月初十,初十
2027.05.16,四月十一,十一
2027.05.17,四月十二,十二
2027.05.18,四月十三,十三
2027.05.19,四月十四,十四
2027.05.20,四月十五,十五
2027.05.21,四月十六,小满
2027.05.22,四月十七,十七
2027.05.23,四月十八,十八
2027.05.24,四月十九,十九
2027.05.25,四月二十,二十
2027.05.26,四月廿一,廿一
2027.05.27,四月廿二,廿二
2027.05.28,四月廿三,廿三
2027.05.29,四月廿四,廿四
2027.05.30,四月廿五,廿五
2027.05.31,四月廿六,世界无烟日
2027.06.01,四月廿七,国际儿童节
2027.06.02,四月廿八,廿八
2027.06.03,四月廿九,廿九
2027.06.04,四月三十,三十
2027.06.05,五月初一,●五月（小） 世界环境日
2027.06.06,五月初二,芒种 入梅
2027.06.07,五月初三,初三
2027.06.08,五月初四,初四
2027.06.09,五月初五,端午节
2027.06.10,五月初六,初六
2027.06.11,五月初七,初七
2027.06.12,五月初八,初八
2027.06.13,五月初九,初九
2027.06.14,五月初十,初十
2027.06.15,五月十一,十一
2027.06.16,五月十二,十二
2027.06.17,五月十三,十三
2027.06.18,五月十四,十四
2027.06.19,五月十五,十五
2027.06.20,五月十六,父亲节
2027.06.21,五月十七,夏至
2027.06.22,五月十八,十八
2027.06.23,五月十九,十九
2027.06.24,五月二十,二十
2027.06.25,五月廿一,廿一
2027.06.26,五月廿二,国际禁毒日
2027.06.27,五月廿三,廿三
2027.06.28,五月廿四,廿四
2027.06.29,五月廿五,廿五
2027.06.30,五月廿六,廿六
2027.07.01,五月廿七,中共诞辰纪念日
2027.07.02,五月廿八,廿八
2027.07.03,五月廿九,廿九
2027.07.04,六月初一,●六月（小）
2027.07.05,六月初二,初二
2027.07.06,六月初三,初三
2027.07.07,六月初四,抗日战争纪念日 小暑
2027.07.08,六月初五,初五
2027.07.09,六月初六,天贶节
2027.07.10,六月初七,初七
2027.07.11,六月初八,初八
2027.07.12,六月初九,初九
2027.07.13,六月初十,初十
2027.07.14,六月十一,十一
2027.07.15,六月十二,出梅
2027.07.16,六月十三,十三
2027.07.17,六月十四,十四
2027.07.18,六月十五,十五
2027.07.19,六月十六,十六
2027.07.20,六月十七,初伏
2027.07.21,六月十八,十八
2027.07.22,六月十九,十九
2027.07.23,六月二十,大暑
2027.07.24,六月廿一,廿一
2027.07.25,六月廿二,廿二
2027.07.26,六月廿三,廿三
2027.07.27,六月廿四,观莲节
2027.07.28,六月廿五,廿五
2027.07.29,六月廿六,廿六
2027.07.30,六月廿七,中伏
2027.07.31,六月廿八,廿八
2027.08.01,六月廿九,建军节
2027.08.02,七月初一,●七月（大）
2027.08.03,七月初二,初二
2027.08.04,七月初三,初三
2027.08.05,七月初四,初四
2027.08.06,七月初五,初五
2027.08.07,七月初六,初六
2027.08.08,七月初七,七夕 立秋
2027.08.09,七月初八,末伏
2027.08.10,七月初九,初九
2027.08.11,七月初十,初十
2027.08.12,七月十一,十一
2027.08.13,七月十二,十二
2027.08.14,七月十三,十三
2027.08.15,七月十四,十四
2027.08.16,七月十五,中元节
2027.08.17,七月十六,十六
2027.08.18,七月十七,十七
2027.08.19,七月十八,十八
2027.08.20,七月十九,十九
2027.08.21,七月二十,二十
2027.08.22,七月廿一,廿一
2027.08.23,七月廿二,处暑
2027.08.24,七月廿三,廿三
2027.08.25,七月廿四,廿四
2027.08.26,七月廿五,廿五
2027.08.27,七月廿六,廿六
2027.08.28,七月廿七,廿七
2027.08.29,七月廿八,廿八
2027.08.30,七月廿九,廿九
2027.08.31,七月三十,地藏节
2027.09.01,八月初一,●八月（小） 天医节
2027.09.02,八月初二,初二
2027.09.03,八月初三,抗战胜利纪念日
2027.09.04,八月初四,初四
2027.09.05,八月初五,初五
2027.09.06,八月初六,初六
2027.09.07,八月初七,初七
2027.09.08,八月初八,白露
2027.09.09,八月初九,初九
2027.09.10,八月初十,教师节
2027.09.11,八月十一,十一
2027.09.12,八月十二,十二
2027.09.13,八月十三,十三
2027.09.14,八月十四,十四
2027.09.15,八月十五,中秋节
2027.09.16,八月十六,十六
2027.09.17,八月十七,十七
2027.09.18,八月十八,十八
2027.09.19,八月十九,十九
2027.09.20,八月二十,二十
2027.09.21,八月廿一,廿一
2027.09.22,八月廿二,廿二
2027.09.23,八月廿三,秋分
2027.09.24,八月廿四,廿四
2027.09.25,八月廿五,廿五
2027.09.26,八月廿六,秋社日
2027.09.27,八月廿七,廿七
2027.09.28,八月廿八,廿八
2027.09.29,八月廿九,廿九
2027.09.30,九月初一,●九月（小）
2027.10.01,九月初二,国庆节
2027.10.02,九月初三,初三
2027.10.03,九月初四,初四
2027.10.04,九月初五,世界动物日
2027.10.05,九月初六,初六
2027.10.06,九月初七,初七
2027.10.07,九月初八,初八
2027.10.08,九月初九,重阳节 寒露
2027.10.09,九月初十,初十
2027.10.10,九月十一,十一
2027.10.11,九月十二,十二
2027.10.12,九月十三,十三
2027.10.13,九月十四,十四
2027.10.14,九月十五,十五
2027.10.15,九月十六,十六
2027.10.16,九月十七,十七
2027.10.17,九月十八,十八
2027.10.18,九月十九,十九
2027.10.19,九月二十,二十
2027.10.20,九月廿一,廿一
2027.10.21,九月廿二,廿二
2027.10.22,九月廿三,廿三
2027.10.23,九月廿四,霜降
2027.10.24,九月廿五,廿五
2027.10.25,九月廿六,廿六
2027.10.26,九月廿七,廿七
2027.10.27,九月廿八,廿八
2027.10.28,九月廿九,廿九
2027.10.29,十月初一,●十月（大） 祭祖节
2027.10.30,十月初二,初二
2027.10.31,十月初三,初三
2027.11.01,十月初四,万圣节
2027.11.02,十月初五,初五
2027.11.03,十月初六,初六
2027.11.04,十月初七,初七
2027.11.05,十月初八,初八
2027.11.06,十月初九,初九
2027.11.07,十月初十,立冬
2027.11.08,十月十一,十一
2027.11.09,十月十二,十二
2027.11.10,十月十三,十三
2027.11.11,十月十四,十四
2027.11.12,十月十五,下元节
2027.11.13,十月十六,十六
2027.11.14,十月十七,十七
2027.11.15,十月十八,十八
2027.11.16,十月十九,十九
2027.11.17,十月二十,二十
2027.11.18,十月廿一,廿一
2027.11.19,十月廿二,廿二
2027.11.20,十月廿三,廿三
2027.11.21,十月廿四,廿四
2027.11.22,十月廿五,小雪
2027.11.23,十月廿六,廿六
2027.11.24,十月廿七,廿七
2027.11.25,十月廿八,感恩节
2027.11.26,十月廿九,廿九
2027.11.27,十月三十,三十
2027.11.28,冬月初一,●冬月（大）
2027.11.29,冬月初二,初二
2027.11.30,冬月初三,初三
2027.12.01,冬月初四,初四
2027.12.02,冬月初五,初五
2027.12.03,冬月初六,初六
2027.12.04,冬月初七,初七
2027.12.05,冬月初八,初八
2027.12.06,冬月初九,初九
2027.12.07,冬月初十,大雪
2027.12.08,冬月十一,十一
2027.12.09,冬月十二,十二
2027.12.10,冬月十三,世界人权日
2027.12.11,冬月十四,十四
2027.12.12,冬月十五,西安事变纪念日
2027.12.13,冬月十六,十六
2027.12.14,冬月十七,十七
2027.12.15,冬月十八,十八
2027.12.16,冬月十九,十九
2027.12.17,冬月二十,二十
2027.12.18,冬月廿一,廿一
2027.12.19,冬月廿二,廿二
2027.12.20,冬月廿三,廿三
2027.12.21,冬月廿四,廿四
2027.12.22,冬月廿五,冬至 [一九]
2027.12.23,冬月廿六,廿六
2027.12.24,冬月廿七,廿七
2027.12.25,冬月廿八,圣诞节
2027.12.26,冬月廿九,廿九
2027.12.27,冬月三十,三十
2027.12.28,腊月初一,●腊月（小）
2027.12.29,腊月初二,初二
2027.12.30,腊月初三,初三
2027.12.31,腊月初四,[二九]
2028.01.01,腊月初五,元旦
2028.01.02,腊月初六,初六
2028.01.03,腊月初七,初七
2028.01.04,腊月初八,腊八节
2028.01.05,腊月初九,初九
2028.01.06,腊月初十,小寒
2028.01.07,腊月十一,十一
2028.01.08,腊月十二,十二
2028.01.09,腊月十三,[三九]
2028.01.10,腊月十四,十四
2028.01.11,腊月十五,十五
2028.01.12,腊月十六,尾牙节
2028.01.13,腊月十七,十七
2028.01.14,腊月十八,十八
2028.01.15,腊月十九,十九
2028.01.16,腊月二十,二十
2028.01.17,腊月廿一,廿一
2028.01.18,腊月廿二,[四九]
2028.01.19,腊月廿三,廿三
2028.01.20,腊月廿四,小年 大寒
2028.01.21,腊月廿五,廿五
2028.01.22,腊月廿六,廿六
2028.01.23,腊月廿七,廿七
2028.01.24,腊月廿八,廿八
2028.01.25,腊月廿九,除夕
2028.01.26,正月初一,●正月（大） 春节
2028.01.27,正月初二,[五九]
2028.01.28,正月初三,初三
2028.01.29,正月初四,初四
2028.01.30,正月初五,初五
2028.01.31,正月初六,初六
2028.02.01,正月初七,人日
2028.02.02,正月初八,初八
2028.02.03,正月初九,初九
2028.02.04,正月初十,立春
2028.02.05,正月十一,[六九]
2028.02.06,正月十二,十二
2028.02.07,正月十三,十三
2028.02.08,正月十四,十四
2028.02.09,正月十五,元宵节
2028.02.10,正月十六,十六
2028.02.11,正月十七,十七
2028.02.12,正月十八,十八
2028.02.13,正月十九,十九
2028.02.14,正月二十,情人节 [七九]
2028.02.15,正月廿一,廿一
2028.02.16,正月廿二,廿二
2028.02.17,正月廿三,廿三
2028.02.18,正月廿四,廿四
2028.02.19,正月廿五,填仓节 雨水
2028.02.20,正月廿六,廿六
2028.02.21,正月廿七,廿七
2028.02.22,正月廿八,廿八
2028.02.23,正月廿九,[八九]
2028.02.24,正月三十,正月晦
2028.02.25,二月初一,●二月（大）
2028.02.26,二月初二,春龙节
2028.02.27,二月初三,初三
2028.02.28,二月初四,初四
2028.02.29,二月初五,初五
2028.03.01,二月初六,初六
2028.03.02,二月初七,初七
2028.03.03,二月初八,[九九]
2028.03.04,二月初九,初九
2028.03.05,二月初十,学雷锋纪念日 惊蛰
2028.03.06,二月十一,十一
2028.03.07,二月十二,十二
2028.03.08,二月十三,妇女节
2028.03.09,二月十四,十四
2028.03.10,二月十五,十五
2028.03.11,二月十六,十六
2028.03.12,二月十七,植树节
2028.03.13,二月十八,十八
2028.03.14,二月十九,十九
2028.03.15,二月二十,消费者权益日
2028.03.16,二月廿一,廿一
2028.03.17,二月廿二,廿二
2028.03.18,二月廿三,廿三
2028.03.19,二月廿四,廿四
2028.03.20,二月廿五,春分
2028.03.21,二月廿六,廿六
2028.03.22,二月廿七,世界水日
2028.03.23,二月廿八,世界气象日
2028.03.24,二月廿九,春社日
2028.03.25,二月三十,三十
2028.03.26,三月初一,●三月（大）
2028.03.27,三月初二,初二
2028.03.28,三月初三,上巳节
2028.03.29,三月初四,初四
2028.03.30,三月初五,初五
2028.03.31,三月初六,初六
2028.04.01,三月初七,愚人节
2028.04.02,三月初八,初八
2028.04.03,三月初九,初九
2028.04.04,三月初十,清明
2028.04.05,三月十一,十一
2028.04.06,三月十二,十二
2028.04.07,三月十三,世界卫生日
2028.04.08,三月十四,十四
2028.04.09,三月十五,复活节
2028.04.10,三月十六,十六
2028.04.11,三月十七,十七
2028.04.12,三月十八,十八
2028.04.13,三月十九,十九
2028.04.14,三月二十,二十
2028.04.15,三月廿一,廿一
2028.04.16,三月廿二,廿二
2028.04.17,三月廿三,廿三
2028.04.18,三月廿四,廿四
2028.04.19,三月廿五,谷雨
2028.04.20,三月廿六,廿六
2028.04.21,三月廿七,廿七
2028.04.22,三月廿八,廿八
2028.04.23,三月廿九,廿九
2028.04.24,三月三十,三十
2028.04.25,四月初一,●四月（小）
2028.04.26,四月初二,初二
2028.04.27,四月初三,初三
2028.04.28,四月初四,初四
2028.04.29,四月初五,初五
2028.04.30,四月初六,初六
2028.05.01,四月初七,国际劳动节
2028.05.02,四月初八,初八
2028.05.03,四月初九,初九
2028.05.04,四月初十,青年节
2028.05.05,四月十一,立夏
2028.05.06,四月十二,十二
2028.05.07,四月十三,十三
2028.05.08,四月十四,十四
2028.05.09,四月十五,十五
2028.05.10,四月十六,十六
2028.05.11,四月十七,十七
2028.05.12,四月十八,护士节
2028.05.13,四月十九,十九
2028.05.14,四月二十,母亲节
2028.05.15,四月廿一,廿一
2028.05.16,四月廿二,廿二
2028.05.17,四月廿三,廿三
2028.05.18,四月廿四,廿四
2028.05.19,四月廿五,廿五
2028.05.20,四月廿六,小满
2028.05.21,四月廿七,廿七
2028.05.22,四月廿八,廿八
2028.05.23,四月廿九,廿九
2028.05.24,五月初一,●五月（大）
2028.05.25,五月初二,初二
2028.05.26,五月初三,初三
2028.05.27,五月初四,初四
2028.05.28,五月初五,端午节
2028.05.29,五月初六,初六
2028.05.30,五月初七,初七
2028.05.31,五月初八,世界无烟日
2028.06.01,五月初九,国际儿童节
2028.06.02,五月初十,初十
2028.06.03,五月十一,十一
2028.06.04,五月十二,十二
2028.06.05,五月十三,世界环境日 芒种
2028.06.06,五月十四,十四
2028.06.07,五月十五,十五
2028.06.08,五月十六,十六
2028.06.09,五月十七,十七
2028.06.10,五月十八,入梅
2028.06.11,五月十九,十九
2028.06.12,五月二十,二十
2028.06.13,五月廿一,廿一
2028.06.14,五月廿二,廿二
2028.06.15,五月廿三,廿三
2028.06.16,五月廿四,廿四
2028.06.17,五月廿五,廿五
2028.06.18,五月廿六,父亲节
2028.06.19,五月廿七,廿七
2028.06.20,五月廿八,廿八
2028.06.21,五月廿九,夏至
2028.06.22,五月三十,三十
2028.06.23,闰五月初一,●闰五月（小）
2028.06.24,闰五月初二,初二
2028.06.25,闰五月初三,初三
2028.06.26,闰五月初四,国际禁毒日
2028.06.27,闰五月初五,初五
2028.06.28,闰五月初六,初六
2028.06.29,闰五月初七,初七
2028.06.30,闰五月初八,初八
2028.07.01,闰五月初九,中共诞辰纪念日
2028.07.02,闰五月初十,初十
2028.07.03,闰五月十一,十一
2028.07.04,闰五月十二,十二
2028.07.05,闰五月十三,十三
2028.07.06,闰五月十四,小暑
2028.07.07,闰五月十五,抗日战争纪念日
2028.07.08,闰五月十六,十六
2028.07.09,闰五月十七,出梅
2028.07.10,闰五月十八,十八
2028.07.11,闰五月十九,十九
2028.07.12,闰五月二十,二十
2028.07.13,闰五月廿一,廿一
2028.07.14,闰五月廿二,初伏
2028.07.15,闰五月廿三,廿三
2028.07.16,闰五月廿四,廿四
2028.07.17,闰五月廿五,廿五
2028.07.18,闰五月廿六,廿六
2028.07.19,闰五月廿七,廿七
2028.07.20,闰五月廿八,廿八
2028.07.21,闰五月廿九,廿九
2028.07.22,六月初一,●六月（小） 大暑
2028.07.23,六月初二,初二
2028.07.24,六月初三,中伏
2028.07.25,六月初四,初四
2028.07.26,六月初五,初五
2028.07.27,六月初六,天贶节
2028.07.28,六月初七,初七
2028.07.29,六月初八,初八
2028.07.30,六月初九,初九
2028.07.31,六月初十,初十
2028.08.01,六月十一,建军节
2028.08.02,六月十二,十二
2028.08.03,六月十三,十三
2028.08.04,六月十四,十四
2028.08.05,六月十五,十五
2028.08.06,六月十六,十六
2028.08.07,六月十七,立秋
2028.08.08,六月十八,十八
2028.08.09,六月十九,十九
2028.08.10,六月二十,二十
2028.08.11,六月廿一,廿一
2028.08.12,六月廿二,廿二
2028.08.13,六月廿三,末伏
2028.08.14,六月廿四,观莲节
2028.08.15,六月廿五,廿五
2028.08.16,六月廿六,廿六
2028.08.17,六月廿七,廿七
2028.08.18,六月廿八,廿八
2028.08.19,六月廿九,廿九
2028.08.20,七月初一,●七月（大）
2028.08.21,七月初二,初二
2028.08.22,七月初三,处暑
2028.08.23,七月初四,初四
2028.08.24,七月初五,初五
2028.08.25,七月初六,初六
2028.08.26,七月初七,七夕
2028.08.27,七月初八,初八
2028.08.28,七月初九,初九
2028.08.29,七月初十,初十
2028.08.30,七月十一,十一
2028.08.31,七月十二,十二
2028.09.01,七月十三,十三
2028.09.02,七月十四,十四
2028.09.03,七月十五,中元节 抗战胜利纪念日
2028.09.04,七月十六,十六
2028.09.05,七月十七,十七
2028.09.06,七月十八,十八
2028.09.07,七月十九,白露
2028.09.08,七月二十,二十
2028.09.09,七月廿一,廿一
2028.09.10,七月廿二,教师节
2028.09.11,七月廿三,廿三
2028.09.12,七月廿四,廿四
2028.09.13,七月廿五,廿五
2028.09.14,七月廿六,廿六
2028.09.15,七月廿七,廿七
2028.09.16,七月廿八,廿八
2028.09.17,七月廿九,廿九
2028.09.18,七月三十,地藏节
2028.09.19,八月初一,●八月（小） 天医节
2028.09.20,八月初二,秋社日
2028.09.21,八月初三,初三
2028.09.22,八月初四,秋分
2028.09.23,八月初五,初五
2028.09.24,八月初六,初六
2028.09.25,八月初七,初七
2028.09.26,八月初八,初八
2028.09.27,八月初九,初九
2028.09.28,八月初十,初十
2028.09.29,八月十一,十一
2028.09.30,八月十二,十二
2028.10.01,八月十三,国庆节
2028.10.02,八月十四,十四
2028.10.03,八月十五,中秋节
2028.10.04,八月十六,世界动物日
2028.10.05,八月十七,十七
2028.10.06,八月十八,十八
2028.10.07,八月十九,十九
2028.10.08,八月二十,寒露
2028.10.09,八月廿一,廿一
2028.10.10,八月廿二,廿二
2028.10.11,八月廿三,廿三
2028.10.12,八月廿四,廿四
2028.10.13,八月廿五,廿五
2028.10.14,八月廿六,廿六
2028.10.15,八月廿七,廿七
2028.10.16,八月廿八,廿八
2028.10.17,八月廿九,廿九
2028.10.18,九月初一,●九月（小）
2028.10.19,九月初二,初二
2028.10.20,九月初三,初三
2028.10.21,九月初四,初四
2028.10.22,九月初五,初五
2028.10.23,九月初六,霜降
2028.10.24,九月初七,初七
2028.10.25,九月初八,初八
2028.10.26,九月初九,重阳节
2028.10.27,九月初十,初十
2028.10.28,九月十一,十一
2028.10.29,九月十二,十二
2028.10.30,九月十三,十三
2028.10.31,九月十四,十四
2028.11.01,九月十五,万圣节
2028.11.02,九月十六,十六
2028.11.03,九月十七,十七
2028.11.04,九月十八,十八
2028.11.05,九月十九,十九
2028.11.06,九月二十,二十
2028.11.07,九月廿一,立冬
2028.11.08,九月廿二,廿二
2028.11.09,九月廿三,廿三
2028.11.10,九月廿四,廿四
2028.11.11,九月廿五,廿五
2028.11.12,九月廿六,廿六
2028.11.13,九月廿七,廿七
2028.11.14,九月廿八,廿八
2028.11.15,九月廿九,廿九
2028.11.16,十月初一,●十月（大） 祭祖节
2028.11.17,十月初二,初二
2028.11.18,十月初三,初三
2028.11.19,十月初四,初四
2028.11.20,十月初五,初五
2028.11.21,十月初六,初六
2028.11.22,十月初七,小雪
2028.11.23,十月初八,感恩节
2028.11.24,十月初九,初九
2028.11.25,十月初十,初十
2028.11.26,十月十一,十一
2028.11.27,十月十二,十二
2028.11.28,十月十三,十三
2028.11.29,十月十四,十四
2028.11.30,十月十五,下元节
2028.12.01,十月十六,十六
2028.12.02,十月十七,十七
2028.12.03,十月十八,十八
2028.12.04,十月十九,十九
2028.12.05,十月二十,二十
2028.12.06,十月廿一,大雪
2028.12.07,十月廿二,廿二
2028.12.08,十月廿三,廿三
2028.12.09,十月廿四,廿四
2028.12.10,十月廿五,世界人权日
2028.12.11,十月廿六,廿六
2028.12.12,十月廿七,西安事变纪念日
2028.12.13,十月廿八,廿八
2028.12.14,十月廿九,廿九
2028.12.15,十月三十,三十
2028.12.16,冬月初一,●冬月（大）
2028.12.17,冬月初二,初二
2028.12.18,冬月初三,初三
2028.12.19,冬月初四,初四
2028.12.20,冬月初五,初五
2028.12.21,冬月初六,冬至 [一九]
2028.12.22,冬月初七,初七
2028.12.23,冬月初八,初八
2028.12.24,冬月初九,初九
2028.12.25,冬月初十,圣诞节
2028.12.26,冬月十一,十一
2028.12.27,冬月十二,十二
2028.12.28,冬月十三,十三
2028.12.29,冬月十四,十四
2028.12.30,冬月十五,[二九]
2028.12.31,冬月十六,十六
2029.01.01,冬月十七,元旦
2029.01.02,冬月十八,十八
2029.01.03,冬月十九,十九
2029.01.04,冬月二十,二十
2029.01.05,冬月廿一,小寒
2029.01.06,冬月廿二,廿二
2029.01.07,冬月廿三,廿三
2029.01.08,冬月廿四,[三九]
2029.01.09,冬月廿五,廿五
2029.01.10,冬月廿六,廿六
2029.01.11,冬月廿七,廿七
2029.01.12,冬月廿八,廿八
2029.01.13,冬月廿九,廿九
2029.01.14,冬月三十,三十
2029.01.15,腊月初一,●腊月（小）
2029.01.16,腊月初二,初二
2029.01.17,腊月初三,[四九]
2029.01.18,腊月初四,初四
2029.01.19,腊月初五,初五
2029.01.20,腊月初六,大寒
2029.01.21,腊月初七,初七
2029.01.22,腊月初八,腊八节
2029.01.23,腊月初九,初九
2029.01.24,腊月初十,初十
2029.01.25,腊月十一,十一
2029.01.26,腊月十二,[五九]
2029.01.27,腊月十三,十三
2029.01.28,腊月十四,十四
2029.01.29,腊月十五,十五
2029.01.30,腊月十六,尾牙节
2029.01.31,腊月十七,十七
2029.02.01,腊月十八,十八
2029.02.02,腊月十九,十九
2029.02.03,腊月二十,立春
2029.02.04,腊月廿一,[六九]
2029.02.05,腊月廿二,廿二
2029.02.06,腊月廿三,廿三
2029.02.07,腊月廿四,小年
2029.02.08,腊月廿五,廿五
2029.02.09,腊月廿六,廿六
2029.02.10,腊月廿七,廿七
2029.02.11,腊月廿八,廿八
2029.02.12,腊月廿九,除夕
2029.02.13,正月初一,●正月（大） 春节 [七九]
2029.02.14,正月初二,情人节
2029.02.15,正月初三,初三
2029.02.16,正月初四,初四
2029.02.17,正月初五,初五
2029.02.18,正月初六,雨水
2029.02.19,正月初七,人日
2029.02.20,正月初八,初八
2029.02.21,正月初九,初九
2029.02.22,正月初十,[八九]
2029.02.23,正月十一,十一
2029.02.24,正月十二,十二
2029.02.25,正月十三,十三
2029.02.26,正月十四,十四
2029.02.27,正月十五,元宵节
2029.02.28,正月十六,十六
2029.03.01,正月十七,十七
2029.03.02,正月十八,十八
2029.03.03,正月十九,[九九]
2029.03.04,正月二十,二十
2029.03.05,正月廿一,学雷锋纪念日 惊蛰
2029.03.06,正月廿二,廿二
2029.03.07,正月廿三,廿三
2029.03.08,正月廿四,妇女节
2029.03.09,正月廿五,填仓节
2029.03.10,正月廿六,廿六
2029.03.11,正月廿七,廿七
2029.03.12,正月廿八,植树节
2029.03.13,正月廿九,廿九
2029.03.14,正月三十,正月晦
2029.03.15,二月初一,●二月（大） 消费者权益日
2029.03.16,二月初二,春龙节
2029.03.17,二月初三,初三
2029.03.18,二月初四,初四
2029.03.19,二月初五,春社日
2029.03.20,二月初六,春分
2029.03.21,二月初七,初七
2029.03.22,二月初八,世界水日
2029.03.23,二月初九,世界气象日
2029.03.24,二月初十,初十
2029.03.25,二月十一,十一
2029.03.26,二月十二,十二
2029.03.27,二月十三,十三
2029.03.28,二月十四,十四
2029.03.29,二月十五,十五
2029.03.30,二月十六,十六
2029.03.31,二月十七,十七
2029.04.01,二月十八,愚人节 复活节
2029.04.02,二月十九,十九
2029.04.03,二月二十,二十
2029.04.04,二月廿一,清明
2029.04.05,二月廿二,廿二
2029.04.06,二月廿三,廿三
2029.04.07,二月廿四,世界卫生日
2029.04.08,二月廿五,廿五
2029.04.09,二月廿六,廿六
2029.04.10,二月廿七,廿七
2029.04.11,二月廿八,廿八
2029.04.12,二月廿九,廿九
2029.04.13,二月三十,三十
2029.04.14,三月初一,●三月（小）
2029.04.15,三月初二,初二
2029.04.16,三月初三,上巳节
2029.04.17,三月初四,初四
2029.04.18,三月初五,初五
2029.04.19,三月初六,初六
2029.04.20,三月初七,谷雨
2029.04.21,三月初八,初八
2029.04.22,三月初九,初九
2029.04.23,三月初十,初十
2029.04.24,三月十一,十一
2029.04.25,三月十二,十二
2029.04.26,三月十三,十三
2029.04.27,三月十四,十四
2029.04.28,三月十五,十五
2029.04.29,三月十六,十六
2029.04.30,三月十七,十七
2029.05.01,三月十八,国际劳动节
2029.05.02,三月十九,十九
2029.05.03,三月二十,二十
2029.05.04,三月廿一,青年节
2029.05.05,三月廿二,立夏
2029.05.06,三月廿三,廿三
2029.05.07,三月廿四,廿四
2029.05.08,三月廿五,廿五
2029.05.09,三月廿六,廿六
2029.05.10,三月廿七,廿七
2029.05.11,三月廿八,廿八
2029.05.12,三月廿九,护士节
2029.05.13,四月初一,●四月（大） 母亲节
2029.05.14,四月初二,初二
2029.05.15,四月初三,初三
2029.05.16,四月初四,初四
2029.05.17,四月初五,初五
2029.05.18,四月初六,初六
2029.05.19,四月初七,初七
2029.05.20,四月初八,初八
2029.05.21,四月初九,小满
2029.05.22,四月初十,初十
2029.05.23,四月十一,十一
2029.05.24,四月十二,十二
2029.05.25,四月十三,十三
2029.05.26,四月十四,十四
2029.05.27,四月十五,十五
2029.05.28,四月十六,十六
2029.05.29,四月十七,十七
2029.05.30,四月十八,十八
2029.05.31,四月十九,世界无烟日
2029.06.01,四月二十,国际儿童节
2029.06.02,四月廿一,廿一
2029.06.03,四月廿二,廿二
2029.06.04,四月廿三,廿三
2029.06.05,四月廿四,世界环境日 芒种 入梅
2029.06.06,四月廿五,廿五
2029.06.07,四月廿六,廿六
2029.06.08,四月廿七,廿七
2029.06.09,四月廿八,廿八
2029.06.10,四月廿九,廿九
2029.06.11,四月三十,三十
2029.06.12,五月初一,●五月（小）
2029.06.13,五月初二,初二
2029.06.14,五月初三,初三
2029.06.15,五月初四,初四
2029.06.16,五月初五,端午节
2029.06.17,五月初六,父亲节
2029.06.18,五月初七,初七
2029.06.19,五月初八,初八
2029.06.20,五月初九,初九
2029.06.21,五月初十,夏至
2029.06.22,五月十一,十一
2029.06.23,五月十二,十二
2029.06.24,五月十三,十三
2029.06.25,五月十四,十四
2029.06.26,五月十五,国际禁毒日
2029.06.27,五月十六,十六
2029.06.28,五月十七,十七
2029.06.29,五月十八,十八
2029.06.30,五月十九,十九
2029.07.01,五月二十,中共诞辰纪念日
2029.07.02,五月廿一,廿一
2029.07.03,五月廿二,廿二
2029.07.04,五月廿三,廿三
2029.07.05,五月廿四,廿四
2029.07.06,五月廿五,廿五
2029.07.07,五月廿六,抗日战争纪念日 小暑
2029.07.08,五月廿七,廿七
2029.07.09,五月廿八,廿八
2029.07.10,五月廿九,廿九
2029.07.11,六月初一,●六月（大）
2029.07.12,六月初二,初二
2029.07.13,六月初三,初三
2029.07.14,六月初四,初四
2029.07.15,六月初五,初五
2029.07.16,六月初六,天贶节 出梅
2029.07.17,六月初七,初七
2029.07.18,六月初八,初八
2029.07.19,六月初九,初伏
2029.07.20,六月初十,初十
2029.07.21,六月十一,十一
2029.07.22,六月十二,大暑
2029.07.23,六月十三,十三
2029.07.24,六月十四,十四
2029.07.25,六月十五,十五
2029.07.26,六月十六,十六
2029.07.27,六月十七,十七
2029.07.28,六月十八,十八
2029.07.29,六月十九,中伏
2029.07.30,六月二十,二十
2029.07.31,六月廿一,廿一
2029.08.01,六月廿二,建军节
2029.08.02,六月廿三,廿三
2029.08.03,六月廿四,观莲节
2029.08.04,六月廿五,廿五
2029.08.05,六月廿六,廿六
2029.08.06,六月廿七,廿七
2029.08.07,六月廿八,立秋
2029.08.08,六月廿九,末伏
2029.08.09,六月三十,三十
2029.08.10,七月初一,●七月（小）
2029.08.11,七月初二,初二
2029.08.12,七月初三,初三
2029.08.13,七月初四,初四
2029.08.14,七月初五,初五
2029.08.15,七月初六,初六
2029.08.16,七月初七,七夕
2029.08.17,七月初八,初八
2029.08.18,七月初九,初九
2029.08.19,七月初十,初十
2029.08.20,七月十一,十一
2029.08.21,七月十二,十二
2029.08.22,七月十三,十三
2029.08.23,七月十四,处暑
2029.08.24,七月十五,中元节
2029.08.25,七月十六,十六
2029.08.26,七月十七,十七
2029.08.27,七月十八,十八
2029.08.28,七月十九,十九
2029.08.29,七月二十,二十
2029.08.30,七月廿一,廿一
2029.08.31,七月廿二,廿二
2029.09.01,七月廿三,廿三
2029.09.02,七月廿四,廿四
2029.09.03,七月廿五,抗战胜利纪念日
2029.09.04,七月廿六,廿六
2029.09.05,七月廿七,廿七
2029.09.06,七月廿八,廿八
2029.09.07,七月廿九,地藏节 白露
2029.09.08,八月初一,●八月（大） 天医节
2029.09.09,八月初二,初二
2029.09.10,八月初三,教师节
2029.09.11,八月初四,初四
2029.09.12,八月初五,初五
2029.09.13,八月初六,初六
2029.09.14,八月初七,初七
2029.09.15,八月初八,初八
2029.09.16,八月初九,初九
2029.09.17,八月初十,初十
2029.09.18,八月十一,十一
2029.09.19,八月十二,十二
2029.09.20,八月十三,十三
2029.09.21,八月十四,十四
2029.09.22,八月十五,中秋节
2029.09.23,八月十六,秋分
2029.09.24,八月十七,十七
2029.09.25,八月十八,秋社日
2029.09.26,八月十九,十九
2029.09.27,八月二十,二十
2029.09.28,八月廿一,廿一
2029.09.29,八月廿二,廿二
2029.09.30,八月廿三,廿三
2029.10.01,八月廿四,国庆节
2029.10.02,八月廿五,廿五
2029.10.03,八月廿六,廿六
2029.10.04,八月廿七,世界动物日
2029.10.05,八月廿八,廿八
2029.10.06,八月廿九,廿九
2029.10.07,八月三十,三十
2029.10.08,九月初一,●九月（小） 寒露
2029.10.09,九月初二,初二
2029.10.10,九月初三,初三
2029.10.11,九月初四,初四
2029.10.12,九月初五,初五
2029.10.13,九月初六,初六
2029.10.14,九月初七,初七
2029.10.15,九月初八,初八
2029.10.16,九月初九,重阳节
2029.10.17,九月初十,初十
2029.10.18,九月十一,十一
2029.10.19,九月十二,十二
2029.10.20,九月十三,十三
2029.10.21,九月十四,十四
2029.10.22,九月十五,十五
2029.10.23,九月十六,霜降
2029.10.24,九月十七,十七
2029.10.25,九月十八,十八
2029.10.26,九月十九,十九
2029.10.27,九月二十,二十
2029.10.28,九月廿一,廿一
2029.10.29,九月廿二,廿二
2029.10.30,九月廿三,廿三
2029.10.31,九月廿四,廿四
2029.11.01,九月廿五,万圣节
2029.11.02,九月廿六,廿六
2029.11.03,九月廿七,廿七
2029.11.04,九月廿八,廿八
2029.11.05,九月廿九,廿九
2029.11.06,十月初一,●十月（小） 祭祖节
2029.11.07,十月初二,立冬
2029.11.08,十月初三,初三
2029.11.09,十月初四,初四
2029.11.10,十月初五,初五
2029.11.11,十月初六,初六
2029.11.12,十月初七,初七
2029.11.13,十月初八,初八
2029.11.14,十月初九,初九
2029.11.15,十月初十,初十
2029.11.16,十月十一,十一
2029.11.17,十月十二,十二
2029.11.18,十月十三,十三
2029.11.19,十月十四,十四
2029.11.20,十月十五,下元节
2029.11.21,十月十六,十六
2029.11.22,十月十七,感恩节 小雪
2029.11.23,十月十八,十八
2029.11.24,十月十九,十九
2029.11.25,十月二十,二十
2029.11.26,十月廿一,廿一
2029.11.27,十月廿二,廿二
2029.11.28,十月廿三,廿三
2029.11.29,十月廿四,廿四
2029.11.30,十月廿五,廿五
2029.12.01,十月廿六,廿六
2029.12.02,十月廿七,廿七
2029.12.03,十月廿八,廿八
2029.12.04,十月廿九,廿九
2029.12.05,冬月初一,●冬月（大）
2029.12.06,冬月初二,初二
2029.12.07,冬月初三,大雪
2029.12.08,冬月初四,初四
2029.12.09,冬月初五,初五
2029.12.10,冬月初六,世界人权日
2029.12.11,冬月初七,初七
2029.12.12,冬月初八,西安事变纪念日
2029.12.13,冬月初九,初九
2029.12.14,冬月初十,初十
2029.12.15,冬月十一,十一
2029.12.16,冬月十二,十二
2029.12.17,冬月十三,十三
2029.12.18,冬月十四,十四
2029.12.19,冬月十五,十五
2029.12.20,冬月十六,十六
2029.12.21,冬月十七,冬至 [一九]
2029.12.22,冬月十八,十八
2029.12.23,冬月十九,十九
2029.12.24,冬月二十,二十
2029.12.25,冬月廿一,圣诞节
2029.12.26,冬月廿二,廿二
2029.12.27,冬月廿三,廿三
2029.12.28,冬月廿四,廿四
2029.12.29,冬月廿五,廿五
2029.12.30,冬月廿六,[二九]
2029.12.31,冬月廿七,廿七
2030.01.01,冬月廿八,元旦
2030.01.02,冬月廿九,廿九
2030.01.03,冬月三十,三十
2030.01.04,腊月初一,●腊月（大）
2030.01.05,腊月初二,小寒
2030.01.06,腊月初三,初三
2030.01.07,腊月初四,初四
2030.01.08,腊月初五,[三九]
2030.01.09,腊月初六,初六
2030.01.10,腊月初七,初七
2030.01.11,腊月初八,腊八节
2030.01.12,腊月初九,初九
2030.01.13,腊月初十,初十
2030.01.14,腊月十一,十一
2030.01.15,腊月十二,十二
2030.01.16,腊月十三,十三
2030.01.17,腊月十四,[四九]
2030.01.18,腊月十五,十五
2030.01.19,腊月十六,尾牙节
2030.01.20,腊月十七,大寒
2030.01.21,腊月十八,十八
2030.01.22,腊月十九,十九
2030.01.23,腊月二十,二十
2030.01.24,腊月廿一,廿一
2030.01.25,腊月廿二,廿二
2030.01.26,腊月廿三,[五九]
2030.01.27,腊月廿四,小年
2030.01.28,腊月廿五,廿五
2030.01.29,腊月廿六,廿六
2030.01.30,腊月廿七,廿七
2030.01.31,腊月廿八,廿八
2030.02.01,腊月廿九,廿九
